run_id,seed,framework,dataset,task,n_samples,accuracy,f1,precision,recall,total_time_s,error
0,0,ARF,adult,classification,48842,0.812334,0.644604,0.822453,0.623361,12.9797,
0,0,ASML,adult,classification,48842,0.816265,0.569561,0.615595,0.548326,22.3266,
0,0,AutoClass,adult,classification,48842,0.80441,0.70524,0.757793,0.677775,32.0837,
0,0,EvoAutoML,adult,classification,48842,0.817141,0.720278,0.77229,0.692647,45.5117,
0,0,OAML,adult,classification,48842,0.824185,0.723734,0.773776,0.699377,21.5615,
0,0,RandomSearch,adult,classification,48842,0.783567,0.667544,0.703841,0.649976,12.1989,
1,1,ARF,adult,classification,48842,0.812395,0.648858,0.819834,0.626568,12.2413,
1,1,ASML,adult,classification,48842,0.815691,0.572285,0.615527,0.551787,22.3978,
1,1,AutoClass,adult,classification,48842,0.801503,0.712716,0.748102,0.690325,31.9684,
1,1,EvoAutoML,adult,classification,48842,0.823594,0.719951,0.7781,0.693424,39.9254,
1,1,OAML,adult,classification,48842,0.814769,0.724447,0.7643,0.701124,33.8023,
1,1,RandomSearch,adult,classification,48842,0.776586,0.529133,0.566569,0.510133,10.0398,
2,2,ARF,adult,classification,48842,0.816265,0.659949,0.815444,0.635533,14.8726,
2,2,ASML,adult,classification,48842,0.823001,0.587377,0.615928,0.570556,24.3003,
2,2,AutoClass,adult,classification,48842,0.806888,0.569701,0.601569,0.550196,27.3976,
2,2,EvoAutoML,adult,classification,48842,0.82081,0.702488,0.782783,0.674739,43.4898,
2,2,OAML,adult,classification,48842,0.808704,0.721408,0.741785,0.707288,6.4049,
2,2,RandomSearch,adult,classification,48842,0.77591,0.519296,0.557014,0.5032,11.2757,
3,3,ARF,adult,classification,48842,0.812395,0.649134,0.816322,0.626858,15.2782,
3,3,ASML,adult,classification,48842,0.819356,0.571693,0.615936,0.551961,22.0193,
3,3,AutoClass,adult,classification,48842,0.778101,0.679089,0.733516,0.648882,22.3886,
3,3,EvoAutoML,adult,classification,48842,0.781684,0.676205,0.75695,0.639782,38.7886,
3,3,OAML,adult,classification,48842,0.811603,0.716435,0.766336,0.689376,29.102,
3,3,RandomSearch,adult,classification,48842,0.776647,0.663559,0.702368,0.642411,12.7167,
4,4,ARF,adult,classification,48842,0.811208,0.643347,0.817341,0.622426,12.8239,
4,4,ASML,adult,classification,48842,0.817657,0.572794,0.61453,0.552823,19.4925,
4,4,AutoClass,adult,classification,48842,0.76467,0.670304,0.709147,0.645854,29.5886,
4,4,EvoAutoML,adult,classification,48842,0.810426,0.709338,0.764773,0.681056,43.5004,
4,4,OAML,adult,classification,48842,0.81039,0.713055,0.770026,0.684852,32.3468,
4,4,RandomSearch,adult,classification,48842,0.776688,0.656913,0.700894,0.636233,11.9683,
5,5,ARF,adult,classification,48842,0.82038,0.672793,0.809771,0.64733,15.6866,
5,5,ASML,adult,classification,48842,0.820871,0.575891,0.619339,0.555072,20.9691,
5,5,AutoClass,adult,classification,48842,0.802711,0.707447,0.750137,0.68271,25.6837,
5,5,EvoAutoML,adult,classification,48842,0.78973,0.665652,0.755567,0.632866,36.7283,
5,5,OAML,adult,classification,48842,0.803935,0.704994,0.733083,0.688923,3.8668,
5,5,RandomSearch,adult,classification,48842,0.742455,0.602232,0.660021,0.579167,10.8233,
6,6,ARF,adult,classification,48842,0.812907,0.648766,0.823551,0.626459,14.89,
6,6,ASML,adult,classification,48842,0.815057,0.572014,0.611289,0.552493,18.2466,
6,6,AutoClass,adult,classification,48842,0.807809,0.712624,0.753821,0.68837,33.3224,
6,6,EvoAutoML,adult,classification,48842,0.819742,0.717868,0.782346,0.68891,44.5434,
6,6,OAML,adult,classification,48842,0.80819,0.726409,0.753373,0.707391,13.7382,
6,6,RandomSearch,adult,classification,48842,0.74006,0.485907,0.529696,0.466464,13.1088,
7,7,ARF,adult,classification,48842,0.814545,0.65737,0.81567,0.633407,16.1707,
7,7,ASML,adult,classification,48842,0.813419,0.56635,0.614178,0.545078,21.1268,
7,7,AutoClass,adult,classification,48842,0.810041,0.71349,0.761452,0.687283,27.0592,
7,7,EvoAutoML,adult,classification,48842,0.76704,0.663972,0.742454,0.628132,36.6651,
7,7,OAML,adult,classification,48842,0.816311,0.708893,0.771594,0.681604,7.3312,
7,7,RandomSearch,adult,classification,48842,0.747779,0.623283,0.670438,0.599839,15.8872,
8,8,ARF,adult,classification,48842,0.815589,0.65766,0.81884,0.63357,16.0657,
8,8,ASML,adult,classification,48842,0.814872,0.713803,0.763894,0.688972,19.0858,
8,8,AutoClass,adult,classification,48842,0.802731,0.705336,0.751156,0.679969,23.9807,
8,8,EvoAutoML,adult,classification,48842,0.81821,0.706758,0.78114,0.677816,43.957,
8,8,OAML,adult,classification,48842,0.808026,0.699014,0.778743,0.667489,20.1807,
8,8,RandomSearch,adult,classification,48842,0.773248,0.65808,0.686214,0.645594,12.3278,
9,9,ARF,adult,classification,48842,0.816695,0.660257,0.818994,0.635667,19.6372,
9,9,ASML,adult,classification,48842,0.820749,0.578492,0.616313,0.55887,23.6513,
9,9,AutoClass,adult,classification,48842,0.79837,0.564907,0.595048,0.546094,22.5889,
9,9,EvoAutoML,adult,classification,48842,0.762991,0.638679,0.745454,0.605792,35.2178,
9,9,OAML,adult,classification,48842,0.808704,0.721408,0.741785,0.707288,3.9001,
9,9,RandomSearch,adult,classification,48842,0.740224,0.618003,0.669208,0.592362,14.6661,
0,0,ARF,covertype,classification,100000,0.92407,0.841781,0.860964,0.826537,75.4537,
0,0,ASML,covertype,classification,100000,0.93932,0.849106,0.852281,0.846035,116.4839,
0,0,AutoClass,covertype,classification,100000,0.94506,0.874032,0.869216,0.879322,388.641,
0,0,EvoAutoML,covertype,classification,100000,0.934969,0.861979,0.858676,0.865577,223.9106,
0,0,OAML,covertype,classification,100000,0.913006,0.834132,0.8434,0.826392,138.5986,
0,0,RandomSearch,covertype,classification,100000,0.81122,0.663397,0.699544,0.636436,91.0402,
1,1,ARF,covertype,classification,100000,0.92392,0.844791,0.861869,0.830719,77.7604,
1,1,ASML,covertype,classification,100000,0.93924,0.848902,0.849135,0.848686,119.102,
1,1,AutoClass,covertype,classification,100000,0.94515,0.884303,0.877964,0.891244,238.1563,
1,1,EvoAutoML,covertype,classification,100000,0.93671,0.85638,0.853681,0.859625,312.2527,
1,1,OAML,covertype,classification,100000,0.914629,0.834758,0.841341,0.829125,97.9189,
1,1,RandomSearch,covertype,classification,100000,0.80386,0.557074,0.606637,0.520694,92.1656,
2,2,ARF,covertype,classification,100000,0.92476,0.844202,0.861655,0.830645,78.1179,
2,2,ASML,covertype,classification,100000,0.93984,0.850717,0.84993,0.851538,106.2857,
2,2,AutoClass,covertype,classification,100000,0.94263,0.76482,0.758066,0.772307,213.1061,
2,2,EvoAutoML,covertype,classification,100000,0.92702,0.848171,0.848808,0.84762,273.3752,
2,2,OAML,covertype,classification,100000,0.92983,0.843163,0.843007,0.843762,174.6496,
2,2,RandomSearch,covertype,classification,100000,0.80994,0.562083,0.567527,0.571488,96.7121,
3,3,ARF,covertype,classification,100000,0.92457,0.846356,0.862725,0.832435,76.6832,
3,3,ASML,covertype,classification,100000,0.93767,0.847556,0.849835,0.845407,124.0253,
3,3,AutoClass,covertype,classification,100000,0.94702,0.88479,0.8805,0.889601,317.0641,
3,3,EvoAutoML,covertype,classification,100000,0.93828,0.867094,0.86806,0.866269,226.0284,
3,3,OAML,covertype,classification,100000,0.923236,0.835289,0.836814,0.834053,140.9798,
3,3,RandomSearch,covertype,classification,100000,0.82356,0.683794,0.718258,0.658821,89.7228,
4,4,ARF,covertype,classification,100000,0.92135,0.839754,0.861493,0.822836,78.1409,
4,4,ASML,covertype,classification,100000,0.93878,0.743882,0.745339,0.742446,109.2847,
4,4,AutoClass,covertype,classification,100000,0.94698,0.879543,0.872057,0.88808,241.3425,
4,4,EvoAutoML,covertype,classification,100000,0.936029,0.863258,0.860009,0.866683,279.9834,
4,4,OAML,covertype,classification,100000,0.90477,0.744076,0.74672,0.756981,152.0147,
4,4,RandomSearch,covertype,classification,100000,0.81212,0.675191,0.742148,0.626371,91.1519,
5,5,ARF,covertype,classification,100000,0.92301,0.842853,0.861952,0.82658,78.7616,
5,5,ASML,covertype,classification,100000,0.93515,0.845948,0.849555,0.842764,112.2417,
5,5,AutoClass,covertype,classification,100000,0.94402,0.862052,0.853378,0.871897,213.1645,
5,5,EvoAutoML,covertype,classification,100000,0.9323,0.832358,0.836547,0.829048,283.6945,
5,5,OAML,covertype,classification,100000,0.92477,0.842349,0.84361,0.841808,142.193,
5,5,RandomSearch,covertype,classification,100000,0.81704,0.678574,0.712545,0.664248,95.2299,
6,6,ARF,covertype,classification,100000,0.92066,0.83874,0.859899,0.822306,78.0356,
6,6,ASML,covertype,classification,100000,0.93651,0.734518,0.738279,0.731167,115.175,
6,6,AutoClass,covertype,classification,100000,0.92336,0.779721,0.792855,0.770701,256.7566,
6,6,EvoAutoML,covertype,classification,100000,0.926619,0.859419,0.860195,0.858742,268.0625,
6,6,OAML,covertype,classification,100000,0.932665,0.846431,0.84649,0.846542,115.7692,
6,6,RandomSearch,covertype,classification,100000,0.80785,0.600375,0.646832,0.566514,93.2663,
7,7,ARF,covertype,classification,100000,0.92293,0.841079,0.860563,0.825221,80.8977,
7,7,ASML,covertype,classification,100000,0.9338,0.832893,0.850496,0.818114,121.1143,
7,7,AutoClass,covertype,classification,100000,0.91887,0.746055,0.748105,0.745527,301.7773,
7,7,EvoAutoML,covertype,classification,100000,0.936999,0.866563,0.864006,0.869293,256.8103,
7,7,OAML,covertype,classification,100000,0.930631,0.848452,0.848938,0.848204,112.5796,
7,7,RandomSearch,covertype,classification,100000,0.82534,0.677068,0.704747,0.664058,90.9602,
8,8,ARF,covertype,classification,100000,0.92029,0.837464,0.860105,0.820035,76.9316,
8,8,ASML,covertype,classification,100000,0.93739,0.847091,0.846039,0.848249,111.6413,
8,8,AutoClass,covertype,classification,100000,0.9434,0.876506,0.872306,0.880956,311.3205,
8,8,EvoAutoML,covertype,classification,100000,0.93743,0.854887,0.86097,0.850108,256.8326,
8,8,OAML,covertype,classification,100000,0.917084,0.838104,0.843685,0.833255,134.7519,
8,8,RandomSearch,covertype,classification,100000,0.81231,0.696429,0.713959,0.691275,91.6788,
9,9,ARF,covertype,classification,100000,0.92271,0.839326,0.860085,0.823204,77.1887,
9,9,ASML,covertype,classification,100000,0.93684,0.849744,0.849351,0.850192,118.212,
9,9,AutoClass,covertype,classification,100000,0.93413,0.75476,0.750483,0.759383,318.3984,
9,9,EvoAutoML,covertype,classification,100000,0.93582,0.867913,0.864518,0.871572,241.6401,
9,9,OAML,covertype,classification,100000,0.932074,0.837956,0.841293,0.834752,119.2084,
9,9,RandomSearch,covertype,classification,100000,0.80044,0.70451,0.720749,0.692706,89.0473,
0,0,ARF,credit_card,classification,284807,0.999357,0.892822,0.962536,0.841416,96.1049,
0,0,ASML,credit_card,classification,284807,0.998571,0.688955,0.879722,0.625948,175.3718,
0,0,AutoClass,credit_card,classification,284807,0.998922,0.801153,0.914136,0.736704,297.3118,
0,0,EvoAutoML,credit_card,classification,284807,0.99914,0.845697,0.953414,0.779422,355.3081,
0,0,OAML,credit_card,classification,284807,0.999115,0.851543,0.917258,0.803758,64.3831,
0,0,RandomSearch,credit_card,classification,284807,0.998034,0.706621,0.712845,0.700752,88.0988,
1,1,ARF,credit_card,classification,284807,0.99934,0.889246,0.962007,0.836335,80.7298,
1,1,ASML,credit_card,classification,284807,0.998515,0.655726,0.889548,0.597513,176.9308,
1,1,AutoClass,credit_card,classification,284807,0.998852,0.779659,0.913844,0.711306,300.861,
1,1,EvoAutoML,credit_card,classification,284807,0.999154,0.848596,0.955362,0.782473,332.356,
1,1,OAML,credit_card,classification,284807,0.998974,0.828382,0.888516,0.784412,39.5275,
1,1,RandomSearch,credit_card,classification,284807,0.998732,0.504293,0.588356,0.46199,89.2446,
2,2,ARF,credit_card,classification,284807,0.999435,0.907436,0.968097,0.86073,87.7015,
2,2,ASML,credit_card,classification,284807,0.998655,0.699035,0.93729,0.629033,167.1362,
2,2,AutoClass,credit_card,classification,284807,0.998926,0.537632,0.604645,0.497224,292.9363,
2,2,EvoAutoML,credit_card,classification,284807,0.999164,0.852514,0.950586,0.78958,348.0226,
2,2,OAML,credit_card,classification,284807,0.998971,0.805187,0.940152,0.733685,91.007,
2,2,RandomSearch,credit_card,classification,284807,0.99861,0.482799,0.571464,0.442336,87.887,
3,3,ARF,credit_card,classification,284807,0.99941,0.903742,0.961798,0.858689,89.5433,
3,3,ASML,credit_card,classification,284807,0.99856,0.672164,0.902311,0.60971,153.8345,
3,3,AutoClass,credit_card,classification,284807,0.998381,0.655051,0.793104,0.605563,533.4543,
3,3,EvoAutoML,credit_card,classification,284807,0.999199,0.858009,0.96118,0.792641,291.9636,
3,3,OAML,credit_card,classification,284807,0.998988,0.803561,0.960271,0.726593,55.1577,
3,3,RandomSearch,credit_card,classification,284807,0.99882,0.783766,0.885887,0.724479,81.7925,
4,4,ARF,credit_card,classification,284807,0.999364,0.892993,0.968735,0.838376,90.3609,
4,4,ASML,credit_card,classification,284807,0.998683,0.487841,0.595083,0.443037,167.3038,
4,4,AutoClass,credit_card,classification,284807,0.998922,0.806161,0.903217,0.746849,287.7452,
4,4,EvoAutoML,credit_card,classification,284807,0.998975,0.795833,0.972722,0.715426,358.4208,
4,4,OAML,credit_card,classification,284807,0.998939,0.80312,0.921646,0.736713,63.9103,
4,4,RandomSearch,credit_card,classification,284807,0.998775,0.762923,0.895395,0.697065,88.9516,
5,5,ARF,credit_card,classification,284807,0.99941,0.903301,0.964038,0.85666,88.0975,
5,5,ASML,credit_card,classification,284807,0.99861,0.685366,0.923254,0.618866,190.9796,
5,5,AutoClass,credit_card,classification,284807,0.998329,0.627707,0.776307,0.583217,350.7589,
5,5,EvoAutoML,credit_card,classification,284807,0.999059,0.821098,0.966613,0.744889,297.9096,
5,5,OAML,credit_card,classification,284807,0.998844,0.799345,0.873428,0.749854,58.9353,
5,5,RandomSearch,credit_card,classification,284807,0.998711,0.759179,0.864797,0.701091,87.318,
6,6,ARF,credit_card,classification,284807,0.999329,0.886006,0.966563,0.829228,83.6711,
6,6,ASML,credit_card,classification,284807,0.998645,0.475752,0.598119,0.43085,178.5547,
6,6,AutoClass,credit_card,classification,284807,0.998887,0.8076,0.880963,0.757991,315.3379,
6,6,EvoAutoML,credit_card,classification,284807,0.999108,0.838199,0.951984,0.770276,339.5677,
6,6,OAML,credit_card,classification,284807,0.998992,0.826229,0.902595,0.774276,52.3892,
6,6,RandomSearch,credit_card,classification,284807,0.998508,0.479962,0.542226,0.44636,88.6484,
7,7,ARF,credit_card,classification,284807,0.999396,0.899616,0.968317,0.848537,89.4638,
7,7,ASML,credit_card,classification,284807,0.99849,0.655071,0.86673,0.598516,199.6334,
7,7,AutoClass,credit_card,classification,284807,0.999013,0.82651,0.914962,0.769214,281.7406,
7,7,EvoAutoML,credit_card,classification,284807,0.999235,0.863898,0.970616,0.796716,374.8646,
7,7,OAML,credit_card,classification,284807,0.999209,0.865714,0.942038,0.811921,81.813,
7,7,RandomSearch,credit_card,classification,284807,0.998139,0.701781,0.725582,0.682543,88.1655,
8,8,ARF,credit_card,classification,284807,0.9994,0.900777,0.966051,0.851582,81.2748,
8,8,ASML,credit_card,classification,284807,0.998627,0.691782,0.925924,0.623947,166.361,
8,8,AutoClass,credit_card,classification,284807,0.998185,0.622173,0.7169,0.585174,430.7629,
8,8,EvoAutoML,credit_card,classification,284807,0.99915,0.849663,0.948676,0.786529,295.1846,
8,8,OAML,credit_card,classification,284807,0.998844,0.786351,0.895581,0.724491,55.0399,
8,8,RandomSearch,credit_card,classification,284807,0.998694,0.769475,0.844455,0.721372,87.2224,
9,9,ARF,credit_card,classification,284807,0.999421,0.904036,0.971292,0.853622,85.2514,
9,9,ASML,credit_card,classification,284807,0.998754,0.749335,0.907281,0.679808,221.5043,
9,9,AutoClass,credit_card,classification,284807,0.998954,0.54165,0.607688,0.501292,289.6939,
9,9,EvoAutoML,credit_card,classification,284807,0.99914,0.842532,0.964761,0.771306,333.0524,
9,9,OAML,credit_card,classification,284807,0.998654,0.718459,0.893577,0.651352,53.7988,
9,9,RandomSearch,credit_card,classification,284807,0.997648,0.662389,0.660774,0.664036,87.9174,
0,0,ARF,electricity,classification,45312,0.887535,0.884186,0.887118,0.881956,8.9199,
0,0,ASML,electricity,classification,45312,0.916733,0.914774,0.914863,0.914687,10.3608,
0,0,AutoClass,electricity,classification,45312,0.84898,0.845154,0.84589,0.84449,21.5215,
0,0,EvoAutoML,electricity,classification,45312,0.8955,0.892984,0.893286,0.892692,19.9433,
0,0,OAML,electricity,classification,45312,0.873892,0.869089,0.876537,0.864722,12.2833,
0,0,RandomSearch,electricity,classification,45312,0.777013,0.767149,0.776109,0.763337,7.1171,
1,1,ARF,electricity,classification,45312,0.890846,0.887698,0.890166,0.885753,10.5849,
1,1,ASML,electricity,classification,45312,0.920992,0.919137,0.919212,0.919062,9.1451,
1,1,AutoClass,electricity,classification,45312,0.852931,0.848308,0.851797,0.84585,16.0302,
1,1,EvoAutoML,electricity,classification,45312,0.918432,0.916353,0.917307,0.915488,19.0726,
1,1,OAML,electricity,classification,45312,0.880409,0.875819,0.883577,0.871282,15.6689,
1,1,RandomSearch,electricity,classification,45312,0.768891,0.508505,0.509141,0.507977,6.6137,
2,2,ARF,electricity,classification,45312,0.89089,0.88773,0.890262,0.885743,8.7938,
2,2,ASML,electricity,classification,45312,0.918432,0.611016,0.611076,0.610957,12.7813,
2,2,AutoClass,electricity,classification,45312,0.852136,0.565524,0.566225,0.564912,18.1997,
2,2,EvoAutoML,electricity,classification,45312,0.919227,0.917258,0.917711,0.916826,21.1171,
2,2,OAML,electricity,classification,45312,0.842126,0.836531,0.841892,0.833224,8.7084,
2,2,RandomSearch,electricity,classification,45312,0.762778,0.500748,0.508254,0.498083,7.0034,
3,3,ARF,electricity,classification,45312,0.890294,0.88714,0.889561,0.885226,10.3821,
3,3,ASML,electricity,classification,45312,0.922228,0.920383,0.920558,0.920211,11.4136,
3,3,AutoClass,electricity,classification,45312,0.850282,0.846741,0.846861,0.846623,15.2897,
3,3,EvoAutoML,electricity,classification,45312,0.906559,0.90425,0.904831,0.903707,18.7991,
3,3,OAML,electricity,classification,45312,0.867131,0.862382,0.868286,0.8587,19.7219,
3,3,RandomSearch,electricity,classification,45312,0.795176,0.787127,0.793863,0.783678,6.2344,
4,4,ARF,electricity,classification,45312,0.888087,0.884916,0.887116,0.883151,8.8292,
4,4,ASML,electricity,classification,45312,0.921191,0.612941,0.612782,0.613105,10.6093,
4,4,AutoClass,electricity,classification,45312,0.851739,0.84794,0.848793,0.84718,17.0509,
4,4,EvoAutoML,electricity,classification,45312,0.913862,0.911714,0.912404,0.911073,21.6277,
4,4,OAML,electricity,classification,45312,0.880121,0.876082,0.88097,0.872806,16.0979,
4,4,RandomSearch,electricity,classification,45312,0.774431,0.764562,0.773185,0.760862,6.2911,
5,5,ARF,electricity,classification,45312,0.889036,0.885852,0.888238,0.883962,8.3938,
5,5,ASML,electricity,classification,45312,0.912959,0.910766,0.911575,0.910024,9.4888,
5,5,AutoClass,electricity,classification,45312,0.850393,0.846878,0.846943,0.846814,14.4459,
5,5,EvoAutoML,electricity,classification,45312,0.909053,0.9066,0.90823,0.905212,18.6788,
5,5,OAML,electricity,classification,45312,0.882382,0.878295,0.883828,0.874701,15.5231,
5,5,RandomSearch,electricity,classification,45312,0.746977,0.732604,0.747597,0.728583,6.0858,
6,6,ARF,electricity,classification,45312,0.889786,0.886629,0.888996,0.88475,8.5523,
6,6,ASML,electricity,classification,45312,0.91958,0.611812,0.611807,0.611817,11.1239,
6,6,AutoClass,electricity,classification,45312,0.852225,0.848305,0.849524,0.847261,15.1365,
6,6,EvoAutoML,electricity,classification,45312,0.919733,0.917778,0.918216,0.91736,21.7579,
6,6,OAML,electricity,classification,45312,0.852678,0.847014,0.854283,0.842876,16.718,
6,6,RandomSearch,electricity,classification,45312,0.741084,0.485853,0.492257,0.483635,6.2137,
7,7,ARF,electricity,classification,45312,0.886344,0.882966,0.885857,0.880764,7.5735,
7,7,ASML,electricity,classification,45312,0.912827,0.910611,0.911519,0.909786,10.0389,
7,7,AutoClass,electricity,classification,45312,0.856992,0.853202,0.854426,0.852152,14.3287,
7,7,EvoAutoML,electricity,classification,45312,0.881022,0.878287,0.878168,0.878409,29.097,
7,7,OAML,electricity,classification,45312,0.852877,0.846746,0.856034,0.841901,12.72,
7,7,RandomSearch,electricity,classification,45312,0.764963,0.754185,0.763671,0.750454,6.4399,
8,8,ARF,electricity,classification,45312,0.887557,0.884312,0.886772,0.882378,8.8775,
8,8,ASML,electricity,classification,45312,0.920396,0.918504,0.918699,0.918313,10.0528,
8,8,AutoClass,electricity,classification,45312,0.851408,0.847992,0.847887,0.848099,11.4862,
8,8,EvoAutoML,electricity,classification,45312,0.916689,0.914601,0.915355,0.913905,19.5395,
8,8,OAML,electricity,classification,45312,0.854606,0.848443,0.858239,0.843416,13.352,
8,8,RandomSearch,electricity,classification,45312,0.776704,0.766132,0.776837,0.761971,8.5011,
9,9,ARF,electricity,classification,45312,0.889853,0.886636,0.889286,0.884576,8.3337,
9,9,ASML,electricity,classification,45312,0.919999,0.918076,0.918385,0.917777,9.7209,
9,9,AutoClass,electricity,classification,45312,0.846222,0.561586,0.562003,0.561204,14.7787,
9,9,EvoAutoML,electricity,classification,45312,0.913312,0.911177,0.911735,0.910651,22.2207,
9,9,OAML,electricity,classification,45312,0.867286,0.8622,0.869673,0.857872,11.9918,
9,9,RandomSearch,electricity,classification,45312,0.79341,0.78683,0.789936,0.784768,7.6244,
0,0,ARF,insects,classification,52848,0.758515,0.756477,0.759288,0.758515,60.6991,
0,0,ASML,insects,classification,52848,0.734465,0.732491,0.733099,0.734465,50.9447,
0,0,AutoClass,insects,classification,52848,0.664491,0.660371,0.659999,0.664491,85.0946,
0,0,EvoAutoML,insects,classification,52848,0.743145,0.740262,0.740635,0.743146,171.6312,
0,0,OAML,insects,classification,52848,0.751709,0.749535,0.749434,0.751697,81.9899,
0,0,RandomSearch,insects,classification,52848,0.587269,0.588836,0.601216,0.587269,39.1259,
1,1,ARF,insects,classification,52848,0.759196,0.757339,0.759603,0.759196,67.2956,
1,1,ASML,insects,classification,52848,0.739479,0.737117,0.738091,0.739479,58.5824,
1,1,AutoClass,insects,classification,52848,0.66977,0.665964,0.667411,0.66977,101.317,
1,1,EvoAutoML,insects,classification,52848,0.751646,0.749849,0.749578,0.751646,162.776,
1,1,OAML,insects,classification,52848,0.754616,0.752612,0.752658,0.754608,22.7709,
1,1,RandomSearch,insects,classification,52848,0.56742,0.486512,0.494659,0.48636,41.681,
2,2,ARF,insects,classification,52848,0.759669,0.757574,0.760433,0.759669,69.7226,
2,2,ASML,insects,classification,52848,0.74332,0.741223,0.741897,0.74332,55.0888,
2,2,AutoClass,insects,classification,52848,0.67486,0.574283,0.57548,0.578451,121.5919,
2,2,EvoAutoML,insects,classification,52848,0.749149,0.74792,0.747493,0.749149,163.3249,
2,2,OAML,insects,classification,52848,0.754578,0.752596,0.752514,0.754564,22.2909,
2,2,RandomSearch,insects,classification,52848,0.5804,0.495654,0.497654,0.497486,40.4236,
3,3,ARF,insects,classification,52848,0.759537,0.757541,0.759881,0.759537,72.5805,
3,3,ASML,insects,classification,52848,0.73965,0.736793,0.737208,0.73965,58.0519,
3,3,AutoClass,insects,classification,52848,0.678134,0.678193,0.678477,0.678134,89.6559,
3,3,EvoAutoML,insects,classification,52848,0.743302,0.741141,0.741282,0.743302,152.9665,
3,3,OAML,insects,classification,52848,0.751577,0.749337,0.749148,0.751564,45.0738,
3,3,RandomSearch,insects,classification,52848,0.606305,0.606632,0.610993,0.606305,40.8926,
4,4,ARF,insects,classification,52848,0.759707,0.757697,0.760013,0.759707,59.1632,
4,4,ASML,insects,classification,52848,0.735979,0.628129,0.629205,0.630839,55.7031,
4,4,AutoClass,insects,classification,52848,0.66731,0.663953,0.667343,0.66731,104.9232,
4,4,EvoAutoML,insects,classification,52848,0.75026,0.748334,0.747869,0.75026,170.7175,
4,4,OAML,insects,classification,52848,0.74527,0.743116,0.74269,0.745251,56.8561,
4,4,RandomSearch,insects,classification,52848,0.576275,0.575984,0.58062,0.576275,37.4318,
5,5,ARF,insects,classification,52848,0.758685,0.756622,0.759071,0.758685,71.8045,
5,5,ASML,insects,classification,52848,0.733235,0.626069,0.628112,0.628487,54.2085,
5,5,AutoClass,insects,classification,52848,0.67696,0.674671,0.674085,0.67696,82.1176,
5,5,EvoAutoML,insects,classification,52848,0.746007,0.74451,0.743696,0.746007,147.402,
5,5,OAML,insects,classification,52848,0.749924,0.747492,0.747725,0.749921,29.805,
5,5,RandomSearch,insects,classification,52848,0.551658,0.552174,0.56309,0.551658,43.8217,
6,6,ARF,insects,classification,52848,0.760445,0.758314,0.760671,0.760445,58.6713,
6,6,ASML,insects,classification,52848,0.742469,0.634005,0.634146,0.636402,51.4058,
6,6,AutoClass,insects,classification,52848,0.692874,0.692035,0.692875,0.692874,120.5221,
6,6,EvoAutoML,insects,classification,52848,0.745813,0.744531,0.743938,0.745813,160.6508,
6,6,OAML,insects,classification,52848,0.750038,0.747974,0.747769,0.750025,35.4979,
6,6,RandomSearch,insects,classification,52848,0.572188,0.494787,0.505873,0.490447,40.3562,
7,7,ARF,insects,classification,52848,0.75702,0.754982,0.757414,0.75702,63.1011,
7,7,ASML,insects,classification,52848,0.724228,0.722784,0.724237,0.724228,59.8585,
7,7,AutoClass,insects,classification,52848,0.678115,0.676169,0.678686,0.678115,121.0597,
7,7,EvoAutoML,insects,classification,52848,0.739455,0.737662,0.737295,0.739455,183.9049,
7,7,OAML,insects,classification,52848,0.75359,0.751892,0.751758,0.753576,44.9026,
7,7,RandomSearch,insects,classification,52848,0.551374,0.550844,0.556296,0.551374,39.4945,
8,8,ARF,insects,classification,52848,0.756926,0.754842,0.756978,0.756926,65.5915,
8,8,ASML,insects,classification,52848,0.738249,0.735776,0.736371,0.738249,54.6329,
8,8,AutoClass,insects,classification,52848,0.656487,0.65359,0.653805,0.656487,96.9302,
8,8,EvoAutoML,insects,classification,52848,0.748543,0.746548,0.746222,0.748543,164.8107,
8,8,OAML,insects,classification,52848,0.757199,0.755303,0.755083,0.757183,68.2014,
8,8,RandomSearch,insects,classification,52848,0.590694,0.592535,0.60712,0.590694,38.2937,
9,9,ARF,insects,classification,52848,0.759575,0.757831,0.759774,0.759575,58.6904,
9,9,ASML,insects,classification,52848,0.738003,0.734986,0.736359,0.738003,63.5858,
9,9,AutoClass,insects,classification,52848,0.670811,0.573794,0.577041,0.574981,94.5725,
9,9,EvoAutoML,insects,classification,52848,0.742393,0.740942,0.740426,0.742393,170.616,
9,9,OAML,insects,classification,52848,0.747246,0.7452,0.744776,0.747226,42.3865,
9,9,RandomSearch,insects,classification,52848,0.607402,0.605254,0.60721,0.607402,40.5,
0,0,ARF,movingRBF,classification,200000,0.63291,0.61804,0.641162,0.604682,74.8435,
0,0,ASML,movingRBF,classification,200000,0.86578,0.716129,0.717667,0.715338,70.2724,
0,0,AutoClass,movingRBF,classification,200000,0.87559,0.869478,0.869339,0.870459,159.0212,
0,0,EvoAutoML,movingRBF,classification,200000,0.854819,0.84643,0.847561,0.846078,185.6295,
0,0,OAML,movingRBF,classification,200000,0.876051,0.869945,0.87071,0.870307,73.6545,
0,0,RandomSearch,movingRBF,classification,200000,0.415225,0.385018,0.419949,0.377431,33.8303,
1,1,ARF,movingRBF,classification,200000,0.62791,0.611984,0.635857,0.598396,72.323,
1,1,ASML,movingRBF,classification,200000,0.86071,0.711863,0.714393,0.710294,78.8148,
1,1,AutoClass,movingRBF,classification,200000,0.84338,0.835305,0.836018,0.835608,138.0667,
1,1,EvoAutoML,movingRBF,classification,200000,0.867625,0.862018,0.863745,0.86107,249.0477,
1,1,OAML,movingRBF,classification,200000,0.871532,0.86544,0.866912,0.865093,79.4362,
1,1,RandomSearch,movingRBF,classification,200000,0.417015,0.31521,0.360224,0.307703,32.9462,
2,2,ARF,movingRBF,classification,200000,0.623215,0.606158,0.631693,0.592103,74.3541,
2,2,ASML,movingRBF,classification,200000,0.86242,0.713588,0.715355,0.712656,77.244,
2,2,AutoClass,movingRBF,classification,200000,0.846945,0.699312,0.699741,0.699766,144.9055,
2,2,EvoAutoML,movingRBF,classification,200000,0.84031,0.831739,0.834338,0.829924,165.5945,
2,2,OAML,movingRBF,classification,200000,0.876316,0.870371,0.87114,0.870732,77.0475,
2,2,RandomSearch,movingRBF,classification,200000,0.42042,0.32117,0.361265,0.312368,34.4948,
3,3,ARF,movingRBF,classification,200000,0.63305,0.617398,0.63906,0.604629,73.8413,
3,3,ASML,movingRBF,classification,200000,0.861605,0.712871,0.715438,0.711297,73.8767,
3,3,AutoClass,movingRBF,classification,200000,0.855635,0.848714,0.848622,0.849812,143.9617,
3,3,EvoAutoML,movingRBF,classification,200000,0.853285,0.844671,0.845801,0.844249,182.4755,
3,3,OAML,movingRBF,classification,200000,0.878509,0.872512,0.873611,0.872517,100.7905,
3,3,RandomSearch,movingRBF,classification,200000,0.3791,0.339417,0.37503,0.334959,33.2828,
4,4,ARF,movingRBF,classification,200000,0.62567,0.608733,0.630199,0.596241,70.7442,
4,4,ASML,movingRBF,classification,200000,0.862485,0.71332,0.715623,0.712022,70.9382,
4,4,AutoClass,movingRBF,classification,200000,0.83555,0.826887,0.8274,0.827323,134.3279,
4,4,EvoAutoML,movingRBF,classification,200000,0.864734,0.858028,0.858822,0.857996,236.9849,
4,4,OAML,movingRBF,classification,200000,0.873624,0.867324,0.868399,0.867419,77.6779,
4,4,RandomSearch,movingRBF,classification,200000,0.368615,0.327435,0.369532,0.321816,33.1718,
5,5,ARF,movingRBF,classification,200000,0.62648,0.610306,0.633465,0.596984,71.9956,
5,5,ASML,movingRBF,classification,200000,0.862055,0.713317,0.716374,0.711279,72.1488,
5,5,AutoClass,movingRBF,classification,200000,0.850745,0.841756,0.843168,0.841208,150.591,
5,5,EvoAutoML,movingRBF,classification,200000,0.845225,0.839009,0.843435,0.835633,258.2137,
5,5,OAML,movingRBF,classification,200000,0.873994,0.867993,0.869304,0.867824,70.443,
5,5,RandomSearch,movingRBF,classification,200000,0.39495,0.355482,0.402546,0.34747,33.1097,
6,6,ARF,movingRBF,classification,200000,0.623135,0.60659,0.630912,0.592967,71.9992,
6,6,ASML,movingRBF,classification,200000,0.859415,0.710854,0.71328,0.709371,78.6345,
6,6,AutoClass,movingRBF,classification,200000,0.6143,0.600093,0.606926,0.594788,161.6316,
6,6,EvoAutoML,movingRBF,classification,200000,0.880204,0.874721,0.875209,0.875078,329.2679,
6,6,OAML,movingRBF,classification,200000,0.858814,0.851746,0.853589,0.851258,72.1817,
6,6,RandomSearch,movingRBF,classification,200000,0.397635,0.302313,0.349404,0.294799,33.5043,
7,7,ARF,movingRBF,classification,200000,0.62773,0.61154,0.633521,0.598783,71.2016,
7,7,ASML,movingRBF,classification,200000,0.860075,0.711343,0.713004,0.710302,79.6925,
7,7,AutoClass,movingRBF,classification,200000,0.6063,0.592408,0.597756,0.588147,155.1878,
7,7,EvoAutoML,movingRBF,classification,200000,0.881949,0.876335,0.876296,0.877167,342.5482,
7,7,OAML,movingRBF,classification,200000,0.880395,0.874442,0.874594,0.875329,42.6759,
7,7,RandomSearch,movingRBF,classification,200000,0.36426,0.323929,0.370038,0.319075,34.2048,
8,8,ARF,movingRBF,classification,200000,0.629865,0.613944,0.638303,0.600056,73.9318,
8,8,ASML,movingRBF,classification,200000,0.861725,0.712743,0.715482,0.711055,82.94,
8,8,AutoClass,movingRBF,classification,200000,0.87849,0.872592,0.872174,0.873815,144.2572,
8,8,EvoAutoML,movingRBF,classification,200000,0.87398,0.868582,0.87031,0.867697,254.9217,
8,8,OAML,movingRBF,classification,200000,0.872543,0.866506,0.86763,0.866596,72.0167,
8,8,RandomSearch,movingRBF,classification,200000,0.37788,0.33855,0.379226,0.332688,33.1894,
9,9,ARF,movingRBF,classification,200000,0.632085,0.616262,0.638844,0.603096,72.6506,
9,9,ASML,movingRBF,classification,200000,0.858875,0.710521,0.713668,0.708428,79.7821,
9,9,AutoClass,movingRBF,classification,200000,0.87238,0.721487,0.721462,0.72223,137.8278,
9,9,EvoAutoML,movingRBF,classification,200000,0.866205,0.858841,0.859856,0.858569,231.8372,
9,9,OAML,movingRBF,classification,200000,0.86987,0.863979,0.865581,0.863532,73.0699,
9,9,RandomSearch,movingRBF,classification,200000,0.41733,0.381041,0.424556,0.37172,33.2271,
0,0,ARF,moving_squares,classification,200000,0.818495,0.818797,0.819149,0.818495,15.7231,
0,0,ASML,moving_squares,classification,200000,0.67791,0.543092,0.547064,0.542328,31.0264,
0,0,AutoClass,moving_squares,classification,200000,0.99056,0.99056,0.99056,0.99056,68.1416,
0,0,EvoAutoML,moving_squares,classification,200000,0.899524,0.899643,0.89979,0.899525,78.5078,
0,0,OAML,moving_squares,classification,200000,0.659975,0.656564,0.673028,0.659975,23.998,
0,0,RandomSearch,moving_squares,classification,200000,0.49429,0.490061,0.496886,0.49429,14.8387,
1,1,ARF,moving_squares,classification,200000,0.819135,0.819441,0.819796,0.819135,18.1822,
1,1,ASML,moving_squares,classification,200000,0.694375,0.55594,0.558881,0.5555,26.513,
1,1,AutoClass,moving_squares,classification,200000,0.98848,0.988481,0.988483,0.98848,57.8861,
1,1,EvoAutoML,moving_squares,classification,200000,0.884915,0.884845,0.884794,0.884915,77.529,
1,1,OAML,moving_squares,classification,200000,0.764319,0.761113,0.765783,0.764319,19.109,
1,1,RandomSearch,moving_squares,classification,200000,0.459075,0.361331,0.364085,0.36726,19.6881,
2,2,ARF,moving_squares,classification,200000,0.818545,0.818832,0.81916,0.818545,18.1071,
2,2,ASML,moving_squares,classification,200000,0.662985,0.529867,0.532169,0.530388,29.0777,
2,2,AutoClass,moving_squares,classification,200000,0.941695,0.753356,0.753357,0.753356,66.3963,
2,2,EvoAutoML,moving_squares,classification,200000,0.86743,0.867491,0.867562,0.86743,93.8688,
2,2,OAML,moving_squares,classification,200000,0.670135,0.666026,0.683914,0.670135,15.0706,
2,2,RandomSearch,moving_squares,classification,200000,0.49382,0.389922,0.392126,0.395056,13.8342,
3,3,ARF,moving_squares,classification,200000,0.819945,0.820227,0.82055,0.819945,18.303,
3,3,ASML,moving_squares,classification,200000,0.698395,0.559686,0.563857,0.558716,29.9424,
3,3,AutoClass,moving_squares,classification,200000,0.988315,0.988316,0.988317,0.988315,52.6986,
3,3,EvoAutoML,moving_squares,classification,200000,0.886205,0.886329,0.886474,0.886205,92.9329,
3,3,OAML,moving_squares,classification,200000,0.613263,0.606805,0.627478,0.613263,19.2185,
3,3,RandomSearch,moving_squares,classification,200000,0.519585,0.514984,0.523909,0.519585,15.9132,
4,4,ARF,moving_squares,classification,200000,0.81842,0.818693,0.819007,0.81842,16.385,
4,4,ASML,moving_squares,classification,200000,0.67682,0.542434,0.547624,0.541456,34.0961,
4,4,AutoClass,moving_squares,classification,200000,0.994245,0.994245,0.994245,0.994245,45.8025,
4,4,EvoAutoML,moving_squares,classification,200000,0.899769,0.899896,0.900053,0.89977,82.7172,
4,4,OAML,moving_squares,classification,200000,0.600235,0.592811,0.595856,0.600235,23.1529,
4,4,RandomSearch,moving_squares,classification,200000,0.52612,0.519294,0.522684,0.52612,13.0113,
5,5,ARF,moving_squares,classification,200000,0.819885,0.82016,0.820472,0.819885,17.6437,
5,5,ASML,moving_squares,classification,200000,0.67511,0.540318,0.54327,0.540088,27.2271,
5,5,AutoClass,moving_squares,classification,200000,0.984795,0.984795,0.984795,0.984795,49.9504,
5,5,EvoAutoML,moving_squares,classification,200000,0.88005,0.879924,0.879861,0.88005,85.1804,
5,5,OAML,moving_squares,classification,200000,0.718088,0.715488,0.720415,0.718088,21.1224,
5,5,RandomSearch,moving_squares,classification,200000,0.51911,0.513075,0.517282,0.51911,20.1328,
6,6,ARF,moving_squares,classification,200000,0.81754,0.817836,0.818182,0.81754,20.4939,
6,6,ASML,moving_squares,classification,200000,0.66708,0.534084,0.537112,0.533664,28.4725,
6,6,AutoClass,moving_squares,classification,200000,0.877025,0.876492,0.876222,0.877025,32.7063,
6,6,EvoAutoML,moving_squares,classification,200000,0.890384,0.89049,0.890617,0.890385,77.054,
6,6,OAML,moving_squares,classification,200000,0.439259,0.419836,0.436756,0.439259,13.5087,
6,6,RandomSearch,moving_squares,classification,200000,0.463595,0.36597,0.371642,0.370876,14.6898,
7,7,ARF,moving_squares,classification,200000,0.81949,0.819792,0.820139,0.81949,17.4785,
7,7,ASML,moving_squares,classification,200000,0.691175,0.552711,0.555613,0.55294,33.0254,
7,7,AutoClass,moving_squares,classification,200000,0.87138,0.871372,0.871392,0.87138,38.0729,
7,7,EvoAutoML,moving_squares,classification,200000,0.897659,0.897768,0.897901,0.89766,82.5958,
7,7,OAML,moving_squares,classification,200000,0.694369,0.684295,0.701778,0.694369,16.7379,
7,7,RandomSearch,moving_squares,classification,200000,0.508175,0.503835,0.508719,0.508175,17.9178,
8,8,ARF,moving_squares,classification,200000,0.819185,0.819457,0.819768,0.819185,18.7778,
8,8,ASML,moving_squares,classification,200000,0.6895,0.552681,0.556954,0.5516,28.9968,
8,8,AutoClass,moving_squares,classification,200000,0.99396,0.99396,0.99396,0.99396,51.0523,
8,8,EvoAutoML,moving_squares,classification,200000,0.893955,0.89396,0.893978,0.893955,78.8009,
8,8,OAML,moving_squares,classification,200000,0.637457,0.631989,0.637851,0.637457,17.4645,
8,8,RandomSearch,moving_squares,classification,200000,0.508755,0.504031,0.508409,0.508755,16.4327,
9,9,ARF,moving_squares,classification,200000,0.81642,0.816698,0.817032,0.81642,16.5508,
9,9,ASML,moving_squares,classification,200000,0.676775,0.542156,0.547073,0.54142,28.0124,
9,9,AutoClass,moving_squares,classification,200000,0.95845,0.766762,0.766763,0.76676,66.0107,
9,9,EvoAutoML,moving_squares,classification,200000,0.85901,0.859024,0.859044,0.85901,113.908,
9,9,OAML,moving_squares,classification,200000,0.769725,0.766986,0.768609,0.769725,23.1975,
9,9,RandomSearch,moving_squares,classification,200000,0.50106,0.492868,0.496308,0.50106,16.6721,
0,0,ARF,new_airlines,classification,539383,0.675333,0.659113,0.676359,0.659382,73.9693,
0,0,ASML,new_airlines,classification,539383,0.656038,0.423564,0.438204,0.425079,127.0666,
0,0,AutoClass,new_airlines,classification,539383,0.651535,0.635463,0.64897,0.636198,219.3874,
0,0,EvoAutoML,new_airlines,classification,539383,0.668802,0.657209,0.665783,0.656553,247.6453,
0,0,OAML,new_airlines,classification,539383,0.673035,0.655822,0.674561,0.656454,125.2235,
0,0,RandomSearch,new_airlines,classification,539383,0.615255,0.605309,0.608602,0.605138,48.5071,
1,1,ARF,new_airlines,classification,539383,0.675971,0.659956,0.676921,0.660151,73.6819,
1,1,ASML,new_airlines,classification,539383,0.659711,0.426104,0.441082,0.427523,143.9388,
1,1,AutoClass,new_airlines,classification,539383,0.652282,0.634944,0.650526,0.636076,210.2579,
1,1,EvoAutoML,new_airlines,classification,539383,0.668015,0.65418,0.66621,0.653976,251.2236,
1,1,OAML,new_airlines,classification,539383,0.667291,0.652199,0.666247,0.652332,123.3367,
1,1,RandomSearch,new_airlines,classification,539383,0.623631,0.407874,0.411529,0.407917,48.4283,
2,2,ARF,new_airlines,classification,539383,0.676443,0.66013,0.677736,0.6604,72.2929,
2,2,ASML,new_airlines,classification,539383,0.659155,0.426488,0.44005,0.427622,141.6998,
2,2,AutoClass,new_airlines,classification,539383,0.651874,0.422889,0.433452,0.423695,217.301,
2,2,EvoAutoML,new_airlines,classification,539383,0.668592,0.656652,0.665734,0.656055,242.3699,
2,2,OAML,new_airlines,classification,539383,0.660783,0.643731,0.660154,0.644591,98.6637,
2,2,RandomSearch,new_airlines,classification,539383,0.615038,0.40285,0.405514,0.402825,46.8441,
3,3,ARF,new_airlines,classification,539383,0.675898,0.659272,0.677379,0.659649,70.2997,
3,3,ASML,new_airlines,classification,539383,0.657475,0.425035,0.43896,0.426326,123.8295,
3,3,AutoClass,new_airlines,classification,539383,0.616592,0.607259,0.610092,0.606999,269.8256,
3,3,EvoAutoML,new_airlines,classification,539383,0.669016,0.65405,0.668104,0.654109,236.4955,
3,3,OAML,new_airlines,classification,539383,0.666024,0.651069,0.664717,0.651192,129.476,
3,3,RandomSearch,new_airlines,classification,539383,0.618978,0.607624,0.612371,0.607651,46.764,
4,4,ARF,new_airlines,classification,539383,0.675687,0.659409,0.676822,0.659687,71.4847,
4,4,ASML,new_airlines,classification,539383,0.655182,0.423722,0.436992,0.424963,136.8445,
4,4,AutoClass,new_airlines,classification,539383,0.649611,0.634153,0.646495,0.634739,199.5121,
4,4,EvoAutoML,new_airlines,classification,539383,0.667143,0.655409,0.664046,0.654804,240.1214,
4,4,OAML,new_airlines,classification,539383,0.66641,0.651838,0.664898,0.651852,145.9575,
4,4,RandomSearch,new_airlines,classification,539383,0.618863,0.606217,0.612237,0.60653,47.2777,
5,5,ARF,new_airlines,classification,539383,0.676176,0.659561,0.677695,0.659928,72.2041,
5,5,ASML,new_airlines,classification,539383,0.658434,0.425697,0.439703,0.426963,140.2792,
5,5,AutoClass,new_airlines,classification,539383,0.617546,0.606561,0.610884,0.606535,273.888,
5,5,EvoAutoML,new_airlines,classification,539383,0.668961,0.656162,0.666624,0.655716,228.3834,
5,5,OAML,new_airlines,classification,539383,0.670025,0.656634,0.668184,0.656294,111.3199,
5,5,RandomSearch,new_airlines,classification,539383,0.616946,0.602914,0.610237,0.603621,47.8972,
6,6,ARF,new_airlines,classification,539383,0.675079,0.658582,0.676306,0.658939,73.6357,
6,6,ASML,new_airlines,classification,539383,0.657273,0.425074,0.438695,0.426296,131.4263,
6,6,AutoClass,new_airlines,classification,539383,0.652798,0.634678,0.651595,0.63607,200.2709,
6,6,EvoAutoML,new_airlines,classification,539383,0.670603,0.65539,0.670091,0.655481,250.7107,
6,6,OAML,new_airlines,classification,539383,0.670323,0.655041,0.669839,0.655162,128.9126,
6,6,RandomSearch,new_airlines,classification,539383,0.613718,0.401291,0.40453,0.401409,48.473,
7,7,ARF,new_airlines,classification,539383,0.675909,0.659758,0.67697,0.659993,70.7715,
7,7,ASML,new_airlines,classification,539383,0.658951,0.426264,0.43995,0.427437,138.4249,
7,7,AutoClass,new_airlines,classification,539383,0.650306,0.63342,0.648009,0.634441,214.2332,
7,7,EvoAutoML,new_airlines,classification,539383,0.668207,0.655844,0.665543,0.655329,239.3457,
7,7,OAML,new_airlines,classification,539383,0.662766,0.649171,0.660228,0.649017,137.487,
7,7,RandomSearch,new_airlines,classification,539383,0.618761,0.606426,0.612124,0.606667,47.759,
8,8,ARF,new_airlines,classification,539383,0.676323,0.660053,0.677556,0.660313,71.2242,
8,8,ASML,new_airlines,classification,539383,0.65653,0.425015,0.437759,0.42609,133.8714,
8,8,AutoClass,new_airlines,classification,539383,0.621,0.588885,0.620931,0.597618,138.8833,
8,8,EvoAutoML,new_airlines,classification,539383,0.669469,0.656941,0.667025,0.656433,240.9825,
8,8,OAML,new_airlines,classification,539383,0.668502,0.653635,0.667465,0.653682,117.769,
8,8,RandomSearch,new_airlines,classification,539383,0.618872,0.609486,0.612449,0.609209,46.8429,
9,9,ARF,new_airlines,classification,539383,0.676215,0.660144,0.677255,0.660349,73.8527,
9,9,ASML,new_airlines,classification,539383,0.659055,0.426249,0.440103,0.42745,128.7693,
9,9,AutoClass,new_airlines,classification,539383,0.650506,0.424001,0.431371,0.4242,200.7144,
9,9,EvoAutoML,new_airlines,classification,539383,0.666736,0.653615,0.66435,0.653277,265.401,
9,9,OAML,new_airlines,classification,539383,0.664405,0.64708,0.664555,0.647949,126.4023,
9,9,RandomSearch,new_airlines,classification,539383,0.620896,0.609523,0.614396,0.609532,48.6516,
0,0,ARF,nomao,classification,34465,0.967851,0.960798,0.958648,0.963019,45.5946,
0,0,ASML,nomao,classification,34465,0.950936,0.626284,0.628736,0.623958,83.6488,
0,0,AutoClass,nomao,classification,34465,0.969621,0.962803,0.962508,0.963099,170.5421,
0,0,EvoAutoML,nomao,classification,34465,0.9711,0.96465,0.963893,0.965415,224.3924,
0,0,OAML,nomao,classification,34465,0.966029,0.958581,0.957919,0.959248,67.8394,
0,0,RandomSearch,nomao,classification,34465,0.913797,0.888928,0.913657,0.871045,45.3809,
1,1,ARF,nomao,classification,34465,0.968374,0.961377,0.95989,0.962897,48.4974,
1,1,ASML,nomao,classification,34465,0.950675,0.625931,0.629528,0.622596,84.3387,
1,1,AutoClass,nomao,classification,34465,0.973219,0.967196,0.967068,0.967324,142.0857,
1,1,EvoAutoML,nomao,classification,34465,0.973422,0.967501,0.966573,0.968442,192.253,
1,1,OAML,nomao,classification,34465,0.97604,0.97085,0.969164,0.972578,63.8861,
1,1,RandomSearch,nomao,classification,34465,0.897026,0.58273,0.582271,0.583195,47.3605,
2,2,ARF,nomao,classification,34465,0.966459,0.959063,0.957317,0.960855,49.4265,
2,2,ASML,nomao,classification,34465,0.951719,0.940274,0.944701,0.93612,93.2359,
2,2,AutoClass,nomao,classification,34465,0.969912,0.642066,0.642586,0.641551,136.5394,
2,2,EvoAutoML,nomao,classification,34465,0.977542,0.972493,0.972349,0.972637,159.5184,
2,2,OAML,nomao,classification,34465,0.966146,0.95856,0.959719,0.95742,71.269,
2,2,RandomSearch,nomao,classification,34465,0.924474,0.607404,0.598713,0.619232,51.7373,
3,3,ARF,nomao,classification,34465,0.968925,0.962033,0.960747,0.963343,46.9402,
3,3,ASML,nomao,classification,34465,0.942231,0.927969,0.936125,0.920699,94.6516,
3,3,AutoClass,nomao,classification,34465,0.972349,0.966147,0.965793,0.966502,130.8583,
3,3,EvoAutoML,nomao,classification,34465,0.969215,0.96228,0.962294,0.962266,187.2814,
3,3,OAML,nomao,classification,34465,0.975456,0.970066,0.969514,0.970622,71.2784,
3,3,RandomSearch,nomao,classification,34465,0.959553,0.950756,0.94799,0.953644,51.2756,
4,4,ARF,nomao,classification,34465,0.967677,0.960469,0.959637,0.961312,47.7949,
4,4,ASML,nomao,classification,34465,0.954069,0.628639,0.633055,0.624607,83.4236,
4,4,AutoClass,nomao,classification,34465,0.972204,0.96591,0.966367,0.965455,129.694,
4,4,EvoAutoML,nomao,classification,34465,0.968808,0.962012,0.959319,0.964816,185.7996,
4,4,OAML,nomao,classification,34465,0.975398,0.970113,0.967758,0.972552,70.2449,
4,4,RandomSearch,nomao,classification,34465,0.922269,0.906241,0.900388,0.912794,52.092,
5,5,ARF,nomao,classification,34465,0.966256,0.958834,0.95689,0.960835,49.37,
5,5,ASML,nomao,classification,34465,0.957174,0.631326,0.634758,0.628129,85.767,
5,5,AutoClass,nomao,classification,34465,0.972146,0.965922,0.965246,0.966604,121.2336,
5,5,EvoAutoML,nomao,classification,34465,0.976237,0.970938,0.970073,0.971814,177.3352,
5,5,OAML,nomao,classification,34465,0.975164,0.969677,0.969634,0.96972,59.0301,
5,5,RandomSearch,nomao,classification,34465,0.91783,0.893895,0.920241,0.875056,52.6469,
6,6,ARF,nomao,classification,34465,0.967474,0.960287,0.95871,0.961901,48.4569,
6,6,ASML,nomao,classification,34465,0.954621,0.629265,0.632196,0.626511,88.8099,
6,6,AutoClass,nomao,classification,34465,0.975163,0.969623,0.968802,0.970453,119.6008,
6,6,EvoAutoML,nomao,classification,34465,0.974582,0.968858,0.968858,0.968858,199.3828,
6,6,OAML,nomao,classification,34465,0.977003,0.972052,0.969861,0.974315,56.3683,
6,6,RandomSearch,nomao,classification,34465,0.919106,0.599884,0.602954,0.597034,53.56,
7,7,ARF,nomao,classification,34465,0.968838,0.961928,0.960629,0.963252,48.0888,
7,7,ASML,nomao,classification,34465,0.952125,0.627336,0.629131,0.625611,122.3571,
7,7,AutoClass,nomao,classification,34465,0.972813,0.966691,0.966676,0.966705,117.2252,
7,7,EvoAutoML,nomao,classification,34465,0.976294,0.971027,0.969882,0.97219,223.7414,
7,7,OAML,nomao,classification,34465,0.972362,0.966164,0.967415,0.964934,75.0687,
7,7,RandomSearch,nomao,classification,34465,0.891745,0.862783,0.877306,0.851251,45.0776,
8,8,ARF,nomao,classification,34465,0.967968,0.96085,0.959717,0.962003,45.8601,
8,8,ASML,nomao,classification,34465,0.945887,0.932893,0.938442,0.92777,79.9832,
8,8,AutoClass,nomao,classification,34465,0.97232,0.966083,0.966112,0.966055,117.5884,
8,8,EvoAutoML,nomao,classification,34465,0.976817,0.971638,0.97094,0.972342,333.8187,
8,8,OAML,nomao,classification,34465,0.967518,0.960368,0.960021,0.960717,47.2211,
8,8,RandomSearch,nomao,classification,34465,0.920499,0.89911,0.915668,0.885948,44.372,
9,9,ARF,nomao,classification,34465,0.968896,0.961997,0.960724,0.963293,47.1572,
9,9,ASML,nomao,classification,34465,0.954708,0.62938,0.631938,0.626958,97.4354,
9,9,AutoClass,nomao,classification,34465,0.968258,0.640763,0.640685,0.64084,123.8203,
9,9,EvoAutoML,nomao,classification,34465,0.972871,0.96681,0.96612,0.967508,218.0022,
9,9,OAML,nomao,classification,34465,0.974084,0.968419,0.967494,0.969356,69.1473,
9,9,RandomSearch,nomao,classification,34465,0.935848,0.918336,0.937444,0.903367,46.7635,
0,0,ARF,poker_hand,classification,1025009,0.556535,0.121145,0.262797,0.123598,524.1748,
0,0,ASML,poker_hand,classification,1025009,0.509023,0.110251,0.144428,0.127829,440.4425,
0,0,AutoClass,poker_hand,classification,1025009,0.567251,0.150708,0.239602,0.144828,679.9255,
0,0,EvoAutoML,poker_hand,classification,1025009,0.551949,0.105223,0.125853,0.11471,751.1812,
0,0,OAML,poker_hand,classification,1025009,0.490798,0.09507,0.105858,0.102587,235.5795,
0,0,RandomSearch,poker_hand,classification,1025009,0.4716,0.098581,0.10326,0.101878,236.6881,
1,1,ARF,poker_hand,classification,1025009,0.554078,0.113454,0.205541,0.119377,506.4207,
1,1,ASML,poker_hand,classification,1025009,0.503284,0.069648,0.105284,0.09228,450.5865,
1,1,AutoClass,poker_hand,classification,1025009,0.575589,0.135966,0.220138,0.134034,691.8837,
1,1,EvoAutoML,poker_hand,classification,1025009,0.55767,0.108918,0.147453,0.116691,756.6402,
1,1,OAML,poker_hand,classification,1025009,0.497404,0.089851,0.125873,0.102254,240.339,
1,1,RandomSearch,poker_hand,classification,1025009,0.475842,0.088666,0.093901,0.092626,236.5808,
2,2,ARF,poker_hand,classification,1025009,0.553056,0.136666,0.20682,0.133868,508.9754,
2,2,ASML,poker_hand,classification,1025009,0.511546,0.076925,0.104869,0.094552,433.1069,
2,2,AutoClass,poker_hand,classification,1025009,0.566447,0.144218,0.20066,0.135824,641.8827,
2,2,EvoAutoML,poker_hand,classification,1025009,0.558465,0.107768,0.1104,0.116426,730.6864,
2,2,OAML,poker_hand,classification,1025009,0.501896,0.090782,0.106129,0.103238,227.7401,
2,2,RandomSearch,poker_hand,classification,1025009,0.474549,0.120311,0.129172,0.120449,232.7553,
3,3,ARF,poker_hand,classification,1025009,0.552908,0.119272,0.224719,0.122376,511.1261,
3,3,ASML,poker_hand,classification,1025009,0.506976,0.076291,0.102583,0.093658,479.1105,
3,3,AutoClass,poker_hand,classification,1025009,0.500786,0.067499,0.119386,0.100023,338.5514,
3,3,EvoAutoML,poker_hand,classification,1025009,0.571697,0.122345,0.309377,0.125191,746.7756,
3,3,OAML,poker_hand,classification,1025009,0.500869,0.084944,0.106732,0.10206,224.1262,
3,3,RandomSearch,poker_hand,classification,1025009,0.473291,0.158315,0.181556,0.150592,239.8651,
4,4,ARF,poker_hand,classification,1025009,0.552042,0.126255,0.306762,0.126897,472.0435,
4,4,ASML,poker_hand,classification,1025009,0.503084,0.070601,0.102646,0.09228,473.8851,
4,4,AutoClass,poker_hand,classification,1025009,0.569163,0.157228,0.241191,0.147818,679.2074,
4,4,EvoAutoML,poker_hand,classification,1025009,0.552837,0.106597,0.14239,0.115242,731.716,
4,4,OAML,poker_hand,classification,1025009,0.50078,0.092634,0.111402,0.103445,233.5547,
4,4,RandomSearch,poker_hand,classification,1025009,0.475662,0.098412,0.103609,0.102278,223.5701,
5,5,ARF,poker_hand,classification,1025009,0.552637,0.117753,0.240072,0.121883,510.9472,
5,5,ASML,poker_hand,classification,1025009,0.502479,0.068628,0.104651,0.091998,461.8916,
5,5,AutoClass,poker_hand,classification,1025009,0.500696,0.067573,0.104961,0.100004,343.4017,
5,5,EvoAutoML,poker_hand,classification,1025009,0.552793,0.105833,0.209234,0.115018,806.0137,
5,5,OAML,poker_hand,classification,1025009,0.490848,0.095345,0.108122,0.102566,253.6939,
5,5,RandomSearch,poker_hand,classification,1025009,0.472502,0.098484,0.103884,0.102083,226.6775,
6,6,ARF,poker_hand,classification,1025009,0.553288,0.13202,0.241695,0.130526,498.7058,
6,6,ASML,poker_hand,classification,1025009,0.503168,0.072036,0.105369,0.092564,466.7853,
6,6,AutoClass,poker_hand,classification,1025009,0.572694,0.149363,0.22398,0.141442,671.963,
6,6,EvoAutoML,poker_hand,classification,1025009,0.555122,0.107353,0.109498,0.1158,747.729,
6,6,OAML,poker_hand,classification,1025009,0.504409,0.093479,0.109292,0.104201,239.0588,
6,6,RandomSearch,poker_hand,classification,1025009,0.475093,0.08886,0.09356,0.092599,228.0322,
7,7,ARF,poker_hand,classification,1025009,0.553466,0.115967,0.204742,0.120655,498.1542,
7,7,ASML,poker_hand,classification,1025009,0.503906,0.07057,0.105021,0.092506,436.9346,
7,7,AutoClass,poker_hand,classification,1025009,0.567009,0.144804,0.23676,0.140941,677.1061,
7,7,EvoAutoML,poker_hand,classification,1025009,0.542285,0.101321,0.125086,0.112192,712.004,
7,7,OAML,poker_hand,classification,1025009,0.492583,0.094546,0.103699,0.1027,262.5468,
7,7,RandomSearch,poker_hand,classification,1025009,0.473962,0.097456,0.102254,0.10156,238.0004,
8,8,ARF,poker_hand,classification,1025009,0.551458,0.126631,0.258954,0.127082,487.1088,
8,8,ASML,poker_hand,classification,1025009,0.503345,0.148196,0.221578,0.148039,454.3946,
8,8,AutoClass,poker_hand,classification,1025009,0.500729,0.067674,0.139782,0.100037,351.2137,
8,8,EvoAutoML,poker_hand,classification,1025009,0.55077,0.104671,0.108914,0.114379,805.055,
8,8,OAML,poker_hand,classification,1025009,0.496263,0.088016,0.10419,0.101744,250.1366,
8,8,RandomSearch,poker_hand,classification,1025009,0.473372,0.098073,0.103133,0.101864,230.6953,
9,9,ARF,poker_hand,classification,1025009,0.552082,0.11746,0.248113,0.121627,485.5036,
9,9,ASML,poker_hand,classification,1025009,0.506952,0.094725,0.129786,0.116097,433.1767,
9,9,AutoClass,poker_hand,classification,1025009,0.571851,0.142223,0.233047,0.135019,660.0792,
9,9,EvoAutoML,poker_hand,classification,1025009,0.550076,0.104485,0.112699,0.114222,739.8878,
9,9,OAML,poker_hand,classification,1025009,0.484731,0.13751,0.202517,0.127524,232.8585,
9,9,RandomSearch,poker_hand,classification,1025009,0.474114,0.097835,0.103405,0.101894,231.3617,
0,0,ARF,sea_high_abrupt_drift,classification,500000,0.89496,0.886634,0.894463,0.880785,47.2633,
0,0,ASML,sea_high_abrupt_drift,classification,500000,0.89032,0.88103,0.891624,0.873703,62.9503,
0,0,AutoClass,sea_high_abrupt_drift,classification,500000,0.875422,0.866902,0.869461,0.864646,132.6606,
0,0,EvoAutoML,sea_high_abrupt_drift,classification,500000,0.874536,0.864465,0.872365,0.8587,132.709,
0,0,OAML,sea_high_abrupt_drift,classification,500000,0.877477,0.867876,0.874888,0.862604,93.1789,
0,0,RandomSearch,sea_high_abrupt_drift,classification,500000,0.793064,0.776345,0.782675,0.771998,29.2468,
1,1,ARF,sea_high_abrupt_drift,classification,500000,0.895504,0.887176,0.895238,0.881188,46.4237,
1,1,ASML,sea_high_abrupt_drift,classification,500000,0.891894,0.58861,0.595112,0.58401,64.8488,
1,1,AutoClass,sea_high_abrupt_drift,classification,500000,0.882068,0.873065,0.879208,0.868298,133.701,
1,1,EvoAutoML,sea_high_abrupt_drift,classification,500000,0.88326,0.873558,0.883112,0.866831,164.2168,
1,1,OAML,sea_high_abrupt_drift,classification,500000,0.877587,0.867404,0.876832,0.860789,98.6044,
1,1,RandomSearch,sea_high_abrupt_drift,classification,500000,0.810482,0.530424,0.534244,0.527654,28.3858,
2,2,ARF,sea_high_abrupt_drift,classification,500000,0.895464,0.887119,0.895249,0.881093,45.2119,
2,2,ASML,sea_high_abrupt_drift,classification,500000,0.889428,0.586865,0.593177,0.582377,77.0032,
2,2,AutoClass,sea_high_abrupt_drift,classification,500000,0.882306,0.582197,0.586368,0.578971,116.692,
2,2,EvoAutoML,sea_high_abrupt_drift,classification,500000,0.87526,0.865481,0.872483,0.860228,144.6287,
2,2,OAML,sea_high_abrupt_drift,classification,500000,0.883081,0.873389,0.882807,0.866735,103.6668,
2,2,RandomSearch,sea_high_abrupt_drift,classification,500000,0.79988,0.522511,0.526763,0.519562,28.2934,
3,3,ARF,sea_high_abrupt_drift,classification,500000,0.89539,0.887043,0.895149,0.881032,48.1087,
3,3,ASML,sea_high_abrupt_drift,classification,500000,0.889882,0.587102,0.593851,0.582381,67.1181,
3,3,AutoClass,sea_high_abrupt_drift,classification,500000,0.882168,0.871952,0.883399,0.864276,87.522,
3,3,EvoAutoML,sea_high_abrupt_drift,classification,500000,0.872906,0.862929,0.869938,0.857684,122.9501,
3,3,OAML,sea_high_abrupt_drift,classification,500000,0.883778,0.874631,0.88193,0.869156,69.917,
3,3,RandomSearch,sea_high_abrupt_drift,classification,500000,0.798342,0.782215,0.788341,0.777931,29.7275,
4,4,ARF,sea_high_abrupt_drift,classification,500000,0.89569,0.88734,0.895589,0.881243,44.8403,
4,4,ASML,sea_high_abrupt_drift,classification,500000,0.890396,0.587601,0.593725,0.583212,64.4563,
4,4,AutoClass,sea_high_abrupt_drift,classification,500000,0.878632,0.869666,0.874612,0.865684,127.0763,
4,4,EvoAutoML,sea_high_abrupt_drift,classification,500000,0.876756,0.866136,0.877129,0.858737,141.1304,
4,4,OAML,sea_high_abrupt_drift,classification,500000,0.880822,0.871184,0.879511,0.865138,84.0922,
4,4,RandomSearch,sea_high_abrupt_drift,classification,500000,0.801998,0.786338,0.792195,0.782169,29.0685,
5,5,ARF,sea_high_abrupt_drift,classification,500000,0.895564,0.887195,0.895483,0.881078,45.8493,
5,5,ASML,sea_high_abrupt_drift,classification,500000,0.891604,0.588416,0.594836,0.583861,71.2052,
5,5,AutoClass,sea_high_abrupt_drift,classification,500000,0.87087,0.861947,0.86476,0.8595,99.1621,
5,5,EvoAutoML,sea_high_abrupt_drift,classification,500000,0.876026,0.866605,0.872485,0.862029,158.0753,
5,5,OAML,sea_high_abrupt_drift,classification,500000,0.879146,0.869352,0.877722,0.863293,79.7729,
5,5,RandomSearch,sea_high_abrupt_drift,classification,500000,0.795812,0.779337,0.785687,0.774959,28.8142,
6,6,ARF,sea_high_abrupt_drift,classification,500000,0.895666,0.887368,0.895346,0.881429,42.8446,
6,6,ASML,sea_high_abrupt_drift,classification,500000,0.887278,0.584914,0.593102,0.579493,61.8437,
6,6,AutoClass,sea_high_abrupt_drift,classification,500000,0.882144,0.873661,0.877803,0.870219,134.8129,
6,6,EvoAutoML,sea_high_abrupt_drift,classification,500000,0.88612,0.876793,0.885787,0.870343,159.2599,
6,6,OAML,sea_high_abrupt_drift,classification,500000,0.88031,0.870642,0.878907,0.864634,185.8353,
6,6,RandomSearch,sea_high_abrupt_drift,classification,500000,0.796212,0.519287,0.524634,0.515839,27.1737,
7,7,ARF,sea_high_abrupt_drift,classification,500000,0.895654,0.887315,0.895495,0.881258,43.4759,
7,7,ASML,sea_high_abrupt_drift,classification,500000,0.888258,0.878784,0.889363,0.871483,67.415,
7,7,AutoClass,sea_high_abrupt_drift,classification,500000,0.879426,0.870896,0.874471,0.867867,132.9159,
7,7,EvoAutoML,sea_high_abrupt_drift,classification,500000,0.873456,0.863563,0.870426,0.858401,138.5014,
7,7,OAML,sea_high_abrupt_drift,classification,500000,0.882773,0.873145,0.882158,0.86671,96.0741,
7,7,RandomSearch,sea_high_abrupt_drift,classification,500000,0.802486,0.787508,0.792132,0.784025,28.3521,
8,8,ARF,sea_high_abrupt_drift,classification,500000,0.895706,0.887354,0.895618,0.88125,44.7797,
8,8,ASML,sea_high_abrupt_drift,classification,500000,0.89067,0.587615,0.594647,0.582743,68.6799,
8,8,AutoClass,sea_high_abrupt_drift,classification,500000,0.878922,0.868803,0.878487,0.862043,89.443,
8,8,EvoAutoML,sea_high_abrupt_drift,classification,500000,0.888124,0.878874,0.888325,0.872163,143.7393,
8,8,OAML,sea_high_abrupt_drift,classification,500000,0.883493,0.87408,0.882425,0.868007,97.3159,
8,8,RandomSearch,sea_high_abrupt_drift,classification,500000,0.802952,0.788163,0.792506,0.784846,28.7718,
9,9,ARF,sea_high_abrupt_drift,classification,500000,0.895712,0.887384,0.895533,0.881345,47.9349,
9,9,ASML,sea_high_abrupt_drift,classification,500000,0.890358,0.587422,0.594285,0.58264,66.9875,
9,9,AutoClass,sea_high_abrupt_drift,classification,500000,0.882784,0.582609,0.586508,0.579552,103.8066,
9,9,EvoAutoML,sea_high_abrupt_drift,classification,500000,0.86964,0.859782,0.865389,0.855403,121.7517,
9,9,OAML,sea_high_abrupt_drift,classification,500000,0.883503,0.874182,0.882131,0.868332,99.0055,
9,9,RandomSearch,sea_high_abrupt_drift,classification,500000,0.801506,0.786596,0.79094,0.783284,29.9482,
0,0,ARF,shuttle,classification,58000,0.996759,0.612555,0.770855,0.550234,15.6722,
0,0,ASML,shuttle,classification,58000,0.990483,0.379058,0.445306,0.375631,27.7846,
0,0,AutoClass,shuttle,classification,58000,0.979379,0.486873,0.684187,0.459517,40.8983,
0,0,EvoAutoML,shuttle,classification,58000,0.98481,0.441265,0.523916,0.433604,63.4978,
0,0,OAML,shuttle,classification,58000,0.991384,0.427643,0.565322,0.427907,20.0767,
0,0,RandomSearch,shuttle,classification,58000,0.914276,0.428526,0.451179,0.454449,16.2823,
1,1,ARF,shuttle,classification,58000,0.997,0.608451,0.743424,0.550208,15.0425,
1,1,ASML,shuttle,classification,58000,0.987655,0.337143,0.428667,0.332613,26.818,
1,1,AutoClass,shuttle,classification,58000,0.982638,0.423298,0.614081,0.399251,35.9481,
1,1,EvoAutoML,shuttle,classification,58000,0.988483,0.388912,0.540687,0.379914,69.25,
1,1,OAML,shuttle,classification,58000,0.993495,0.431602,0.459695,0.430357,4.3602,
1,1,RandomSearch,shuttle,classification,58000,0.91819,0.355854,0.402408,0.331453,16.5363,
2,2,ARF,shuttle,classification,58000,0.996879,0.583132,0.696542,0.532014,17.0409,
2,2,ASML,shuttle,classification,58000,0.989914,0.435196,0.589269,0.430092,27.5569,
2,2,AutoClass,shuttle,classification,58000,0.985552,0.423888,0.488735,0.403928,29.8669,
2,2,EvoAutoML,shuttle,classification,58000,0.982017,0.405355,0.575253,0.387303,47.3765,
2,2,OAML,shuttle,classification,58000,0.989896,0.423319,0.421801,0.424851,26.6984,
2,2,RandomSearch,shuttle,classification,58000,0.904483,0.333095,0.415855,0.303406,18.5015,
3,3,ARF,shuttle,classification,58000,0.996586,0.560216,0.67977,0.512419,16.7684,
3,3,ASML,shuttle,classification,58000,0.987724,0.375003,0.469073,0.372507,27.6483,
3,3,AutoClass,shuttle,classification,58000,0.986466,0.433157,0.65224,0.406564,36.5571,
3,3,EvoAutoML,shuttle,classification,58000,0.982328,0.383942,0.429581,0.377075,57.4079,
3,3,OAML,shuttle,classification,58000,0.993408,0.431555,0.459629,0.430328,5.1838,
3,3,RandomSearch,shuttle,classification,58000,0.922224,0.367276,0.40432,0.345745,19.1369,
4,4,ARF,shuttle,classification,58000,0.996862,0.56933,0.676932,0.523722,18.5575,
4,4,ASML,shuttle,classification,58000,0.988328,0.375048,0.39908,0.372732,22.9556,
4,4,AutoClass,shuttle,classification,58000,0.989448,0.571668,0.661853,0.539266,27.8976,
4,4,EvoAutoML,shuttle,classification,58000,0.975982,0.421971,0.435662,0.417747,51.2129,
4,4,OAML,shuttle,classification,58000,0.990709,0.433641,0.545092,0.430403,9.6085,
4,4,RandomSearch,shuttle,classification,58000,0.898931,0.393239,0.470512,0.353171,15.703,
5,5,ARF,shuttle,classification,58000,0.996914,0.599642,0.798602,0.540515,13.2944,
5,5,ASML,shuttle,classification,58000,0.98681,0.377612,0.441874,0.37228,26.7571,
5,5,AutoClass,shuttle,classification,58000,0.971241,0.369533,0.425304,0.360082,39.1964,
5,5,EvoAutoML,shuttle,classification,58000,0.975431,0.391702,0.494155,0.377,66.48,
5,5,OAML,shuttle,classification,58000,0.990329,0.434252,0.626566,0.430392,10.5192,
5,5,RandomSearch,shuttle,classification,58000,0.888431,0.365993,0.435476,0.326418,18.4824,
6,6,ARF,shuttle,classification,58000,0.996966,0.588616,0.71973,0.537767,12.2026,
6,6,ASML,shuttle,classification,58000,0.990328,0.383798,0.518853,0.378158,23.0296,
6,6,AutoClass,shuttle,classification,58000,0.995586,0.641111,0.71163,0.598668,28.0745,
6,6,EvoAutoML,shuttle,classification,58000,0.988552,0.449129,0.560535,0.437757,73.4607,
6,6,OAML,shuttle,classification,58000,0.990969,0.434595,0.626578,0.431071,8.608,
6,6,RandomSearch,shuttle,classification,58000,0.90631,0.339137,0.400222,0.308641,19.3718,
7,7,ARF,shuttle,classification,58000,0.997155,0.582067,0.802795,0.527541,16.9608,
7,7,ASML,shuttle,classification,58000,0.986138,0.432043,0.645811,0.424951,22.8335,
7,7,AutoClass,shuttle,classification,58000,0.992879,0.56528,0.62018,0.55159,24.5289,
7,7,EvoAutoML,shuttle,classification,58000,0.985103,0.438705,0.505254,0.432147,63.6423,
7,7,OAML,shuttle,classification,58000,0.99,0.435496,0.608694,0.431535,8.9545,
7,7,RandomSearch,shuttle,classification,58000,0.889707,0.356959,0.394354,0.334022,17.1097,
8,8,ARF,shuttle,classification,58000,0.996862,0.570958,0.697755,0.517931,14.4116,
8,8,ASML,shuttle,classification,58000,0.9885,0.399479,0.500624,0.386733,27.0331,
8,8,AutoClass,shuttle,classification,58000,0.978069,0.4231,0.592424,0.399637,42.0207,
8,8,EvoAutoML,shuttle,classification,58000,0.988741,0.400006,0.539532,0.386776,72.7071,
8,8,OAML,shuttle,classification,58000,0.958772,0.479322,0.520415,0.461821,4.9128,
8,8,RandomSearch,shuttle,classification,58000,0.907414,0.384789,0.430409,0.359617,16.7265,
9,9,ARF,shuttle,classification,58000,0.997241,0.625597,0.824746,0.561378,16.0026,
9,9,ASML,shuttle,classification,58000,0.99,0.384899,0.508621,0.378812,24.7583,
9,9,AutoClass,shuttle,classification,58000,0.995345,0.655636,0.765903,0.600724,30.8386,
9,9,EvoAutoML,shuttle,classification,58000,0.984121,0.384822,0.425454,0.378424,60.404,
9,9,OAML,shuttle,classification,58000,0.993547,0.431631,0.459705,0.430405,6.752,
9,9,RandomSearch,shuttle,classification,58000,0.9085,0.363996,0.392587,0.35487,19.3513,
0,0,ARF,synth_RandomRBFDrift,classification,100000,0.60258,0.605344,0.608773,0.620065,16.5486,
0,0,ASML,synth_RandomRBFDrift,classification,100000,0.64267,0.516139,0.51212,0.523174,27.0444,
0,0,AutoClass,synth_RandomRBFDrift,classification,100000,0.59281,0.595659,0.588834,0.604659,48.1437,
0,0,EvoAutoML,synth_RandomRBFDrift,classification,100000,0.589296,0.591615,0.584029,0.601969,78.76,
0,0,OAML,synth_RandomRBFDrift,classification,100000,0.581343,0.581805,0.583488,0.59499,5.4277,
0,0,RandomSearch,synth_RandomRBFDrift,classification,100000,0.44624,0.420177,0.435873,0.42029,11.1381,
1,1,ARF,synth_RandomRBFDrift,classification,100000,0.61045,0.61404,0.615787,0.627177,14.9562,
1,1,ASML,synth_RandomRBFDrift,classification,100000,0.63867,0.513375,0.509661,0.518898,27.8894,
1,1,AutoClass,synth_RandomRBFDrift,classification,100000,0.58505,0.58721,0.579428,0.598027,42.6486,
1,1,EvoAutoML,synth_RandomRBFDrift,classification,100000,0.60156,0.605118,0.599854,0.613241,82.1843,
1,1,OAML,synth_RandomRBFDrift,classification,100000,0.54477,0.540155,0.546584,0.565231,7.024,
1,1,RandomSearch,synth_RandomRBFDrift,classification,100000,0.46227,0.347156,0.367872,0.345309,9.8912,
2,2,ARF,synth_RandomRBFDrift,classification,100000,0.599,0.601314,0.605539,0.616512,15.3233,
2,2,ASML,synth_RandomRBFDrift,classification,100000,0.63669,0.511116,0.50679,0.518482,26.2431,
2,2,AutoClass,synth_RandomRBFDrift,classification,100000,0.64295,0.517259,0.512338,0.523636,33.7874,
2,2,EvoAutoML,synth_RandomRBFDrift,classification,100000,0.57196,0.573297,0.567351,0.583118,50.6018,
2,2,OAML,synth_RandomRBFDrift,classification,100000,0.54477,0.540155,0.546584,0.565231,4.4584,
2,2,RandomSearch,synth_RandomRBFDrift,classification,100000,0.46754,0.350792,0.376114,0.349287,10.1047,
3,3,ARF,synth_RandomRBFDrift,classification,100000,0.59901,0.601489,0.605009,0.616747,18.7312,
3,3,ASML,synth_RandomRBFDrift,classification,100000,0.643,0.517466,0.513337,0.523658,28.0219,
3,3,AutoClass,synth_RandomRBFDrift,classification,100000,0.59164,0.594121,0.586861,0.603763,42.3913,
3,3,EvoAutoML,synth_RandomRBFDrift,classification,100000,0.58029,0.582689,0.57565,0.592639,59.3877,
3,3,OAML,synth_RandomRBFDrift,classification,100000,0.601834,0.609482,0.606048,0.619143,8.8435,
3,3,RandomSearch,synth_RandomRBFDrift,classification,100000,0.44762,0.414843,0.439392,0.413775,9.4746,
4,4,ARF,synth_RandomRBFDrift,classification,100000,0.62181,0.623653,0.624057,0.637386,20.3062,
4,4,ASML,synth_RandomRBFDrift,classification,100000,0.63956,0.514439,0.510072,0.521272,25.9013,
4,4,AutoClass,synth_RandomRBFDrift,classification,100000,0.65432,0.659838,0.654882,0.666545,33.3676,
4,4,EvoAutoML,synth_RandomRBFDrift,classification,100000,0.581556,0.583145,0.575988,0.593236,75.1581,
4,4,OAML,synth_RandomRBFDrift,classification,100000,0.584599,0.584463,0.585671,0.603444,7.3895,
4,4,RandomSearch,synth_RandomRBFDrift,classification,100000,0.42433,0.382975,0.413151,0.381309,11.2937,
5,5,ARF,synth_RandomRBFDrift,classification,100000,0.6085,0.611514,0.614395,0.625435,20.3242,
5,5,ASML,synth_RandomRBFDrift,classification,100000,0.63965,0.514347,0.510396,0.520387,28.4502,
5,5,AutoClass,synth_RandomRBFDrift,classification,100000,0.57226,0.573086,0.564376,0.585922,40.2168,
5,5,EvoAutoML,synth_RandomRBFDrift,classification,100000,0.59829,0.598906,0.593457,0.612802,74.4792,
5,5,OAML,synth_RandomRBFDrift,classification,100000,0.557044,0.553869,0.558047,0.57661,8.1949,
5,5,RandomSearch,synth_RandomRBFDrift,classification,100000,0.44216,0.404856,0.439277,0.40389,9.7743,
6,6,ARF,synth_RandomRBFDrift,classification,100000,0.60733,0.610411,0.613937,0.624282,19.5664,
6,6,ASML,synth_RandomRBFDrift,classification,100000,0.63876,0.513724,0.509501,0.520158,26.495,
6,6,AutoClass,synth_RandomRBFDrift,classification,100000,0.66009,0.665233,0.660568,0.670874,34.3473,
6,6,EvoAutoML,synth_RandomRBFDrift,classification,100000,0.605066,0.60833,0.601754,0.617228,86.2117,
6,6,OAML,synth_RandomRBFDrift,classification,100000,0.54477,0.540155,0.546584,0.565231,5.4257,
6,6,RandomSearch,synth_RandomRBFDrift,classification,100000,0.44624,0.328931,0.355109,0.327618,10.2587,
7,7,ARF,synth_RandomRBFDrift,classification,100000,0.6039,0.606678,0.610181,0.620845,16.7427,
7,7,ASML,synth_RandomRBFDrift,classification,100000,0.63096,0.506416,0.504254,0.512198,27.7068,
7,7,AutoClass,synth_RandomRBFDrift,classification,100000,0.65743,0.662912,0.65837,0.668794,32.9558,
7,7,EvoAutoML,synth_RandomRBFDrift,classification,100000,0.603756,0.606677,0.600297,0.615191,93.441,
7,7,OAML,synth_RandomRBFDrift,classification,100000,0.627054,0.629815,0.622614,0.640164,6.015,
7,7,RandomSearch,synth_RandomRBFDrift,classification,100000,0.4316,0.39931,0.42179,0.401302,11.02,
8,8,ARF,synth_RandomRBFDrift,classification,100000,0.60265,0.605579,0.608886,0.620377,17.7176,
8,8,ASML,synth_RandomRBFDrift,classification,100000,0.63972,0.513943,0.5101,0.520733,33.2707,
8,8,AutoClass,synth_RandomRBFDrift,classification,100000,0.59345,0.596822,0.589907,0.605802,53.7587,
8,8,EvoAutoML,synth_RandomRBFDrift,classification,100000,0.60125,0.603925,0.597641,0.613246,81.8721,
8,8,OAML,synth_RandomRBFDrift,classification,100000,0.54477,0.540155,0.546584,0.565231,5.9435,
8,8,RandomSearch,synth_RandomRBFDrift,classification,100000,0.4365,0.396281,0.432014,0.393848,10.5402,
9,9,ARF,synth_RandomRBFDrift,classification,100000,0.61315,0.615255,0.616682,0.630076,16.866,
9,9,ASML,synth_RandomRBFDrift,classification,100000,0.64298,0.516737,0.512538,0.523522,33.021,
9,9,AutoClass,synth_RandomRBFDrift,classification,100000,0.65012,0.524013,0.520063,0.528706,39.9355,
9,9,EvoAutoML,synth_RandomRBFDrift,classification,100000,0.59802,0.600724,0.594274,0.609421,68.0265,
9,9,OAML,synth_RandomRBFDrift,classification,100000,0.580491,0.57842,0.582114,0.595918,12.6213,
9,9,RandomSearch,synth_RandomRBFDrift,classification,100000,0.44739,0.417398,0.445015,0.41455,11.5392,
0,0,ARF,synth_agrawal,classification,100000,0.99281,0.991821,0.994579,0.9892,18.3309,
0,0,ASML,synth_agrawal,classification,100000,0.96671,0.640896,0.650406,0.633368,24.663,
0,0,AutoClass,synth_agrawal,classification,100000,0.99369,0.99286,0.992879,0.992841,34.6272,
0,0,EvoAutoML,synth_agrawal,classification,100000,0.99199,0.99089,0.99355,0.988357,58.202,
0,0,OAML,synth_agrawal,classification,100000,0.955391,0.947705,0.967533,0.933179,23.0748,
0,0,RandomSearch,synth_agrawal,classification,100000,0.7268,0.661144,0.690226,0.652581,14.6294,
1,1,ARF,synth_agrawal,classification,100000,0.99594,0.995394,0.99675,0.994072,16.3718,
1,1,ASML,synth_agrawal,classification,100000,0.9247,0.60618,0.631437,0.591394,21.3199,
1,1,AutoClass,synth_agrawal,classification,100000,0.98958,0.98814,0.991174,0.985272,42.76,
1,1,EvoAutoML,synth_agrawal,classification,100000,0.98184,0.979158,0.986685,0.972558,55.0247,
1,1,OAML,synth_agrawal,classification,100000,0.984639,0.982411,0.988605,0.97686,23.6062,
1,1,RandomSearch,synth_agrawal,classification,100000,0.74281,0.447179,0.47926,0.440032,16.5555,
2,2,ARF,synth_agrawal,classification,100000,0.99325,0.992324,0.994876,0.989891,19.8522,
2,2,ASML,synth_agrawal,classification,100000,0.90441,0.588155,0.62399,0.570533,24.3724,
2,2,AutoClass,synth_agrawal,classification,100000,0.99357,0.66181,0.662632,0.661007,40.9245,
2,2,EvoAutoML,synth_agrawal,classification,100000,0.98544,0.983346,0.989027,0.978212,56.7237,
2,2,OAML,synth_agrawal,classification,100000,0.987275,0.985486,0.989544,0.981718,15.5024,
2,2,RandomSearch,synth_agrawal,classification,100000,0.75939,0.464071,0.49376,0.455479,15.6623,
3,3,ARF,synth_agrawal,classification,100000,0.99536,0.994733,0.996426,0.993092,17.6862,
3,3,ASML,synth_agrawal,classification,100000,0.92201,0.603669,0.631617,0.587968,25.2195,
3,3,AutoClass,synth_agrawal,classification,100000,0.88486,0.85468,0.92647,0.825423,30.6427,
3,3,EvoAutoML,synth_agrawal,classification,100000,0.97899,0.975836,0.984535,0.96835,50.8338,
3,3,OAML,synth_agrawal,classification,100000,0.978918,0.975739,0.984702,0.968054,16.094,
3,3,RandomSearch,synth_agrawal,classification,100000,0.7268,0.654943,0.692195,0.646349,17.3301,
4,4,ARF,synth_agrawal,classification,100000,0.99183,0.990699,0.99383,0.987744,17.5812,
4,4,ASML,synth_agrawal,classification,100000,0.89619,0.58051,0.621479,0.561911,21.4896,
4,4,AutoClass,synth_agrawal,classification,100000,0.99447,0.99372,0.995553,0.99195,43.7755,
4,4,EvoAutoML,synth_agrawal,classification,100000,0.97783,0.974576,0.981589,0.968387,60.2271,
4,4,OAML,synth_agrawal,classification,100000,0.97482,0.970934,0.98162,0.962013,19.4563,
4,4,RandomSearch,synth_agrawal,classification,100000,0.69212,0.597944,0.640503,0.596451,15.1194,
5,5,ARF,synth_agrawal,classification,100000,0.99308,0.99213,0.994752,0.989633,17.383,
5,5,ASML,synth_agrawal,classification,100000,0.95258,0.629561,0.643567,0.619462,21.4865,
5,5,AutoClass,synth_agrawal,classification,100000,0.88493,0.85476,0.926621,0.825483,26.6471,
5,5,EvoAutoML,synth_agrawal,classification,100000,0.99424,0.993455,0.995602,0.991393,57.9443,
5,5,OAML,synth_agrawal,classification,100000,0.982375,0.979832,0.985611,0.974622,20.0321,
5,5,RandomSearch,synth_agrawal,classification,100000,0.70942,0.6247,0.66793,0.619442,15.9979,
6,6,ARF,synth_agrawal,classification,100000,0.99506,0.994391,0.996213,0.992629,19.9359,
6,6,ASML,synth_agrawal,classification,100000,0.92091,0.60272,0.631112,0.586892,25.6714,
6,6,AutoClass,synth_agrawal,classification,100000,0.99502,0.994349,0.995839,0.9929,42.4198,
6,6,EvoAutoML,synth_agrawal,classification,100000,0.98681,0.984957,0.989039,0.98117,61.7597,
6,6,OAML,synth_agrawal,classification,100000,0.984208,0.981991,0.985951,0.97831,12.9238,
6,6,RandomSearch,synth_agrawal,classification,100000,0.71591,0.423838,0.451623,0.419402,18.3642,
7,7,ARF,synth_agrawal,classification,100000,0.98876,0.987173,0.991609,0.983079,17.2324,
7,7,ASML,synth_agrawal,classification,100000,0.89976,0.583751,0.622997,0.565429,22.8986,
7,7,AutoClass,synth_agrawal,classification,100000,0.98992,0.988528,0.991498,0.985718,44.0038,
7,7,EvoAutoML,synth_agrawal,classification,100000,0.95702,0.949909,0.966074,0.937511,60.2428,
7,7,OAML,synth_agrawal,classification,100000,0.971423,0.966964,0.978469,0.957485,18.5568,
7,7,RandomSearch,synth_agrawal,classification,100000,0.72344,0.659289,0.685012,0.651193,15.2427,
8,8,ARF,synth_agrawal,classification,100000,0.99432,0.993547,0.995661,0.991514,19.1847,
8,8,ASML,synth_agrawal,classification,100000,0.94965,0.627226,0.641482,0.617024,31.1048,
8,8,AutoClass,synth_agrawal,classification,100000,0.88436,0.853961,0.926217,0.824657,32.6551,
8,8,EvoAutoML,synth_agrawal,classification,100000,0.99244,0.991397,0.994325,0.988623,60.5955,
8,8,OAML,synth_agrawal,classification,100000,0.985501,0.983447,0.98799,0.979266,11.502,
8,8,RandomSearch,synth_agrawal,classification,100000,0.71552,0.633369,0.677381,0.627022,14.4845,
9,9,ARF,synth_agrawal,classification,100000,0.99646,0.995985,0.997238,0.994761,17.1206,
9,9,ASML,synth_agrawal,classification,100000,0.9682,0.642065,0.651337,0.634684,27.289,
9,9,AutoClass,synth_agrawal,classification,100000,0.98696,0.65678,0.65869,0.654969,40.3594,
9,9,EvoAutoML,synth_agrawal,classification,100000,0.97127,0.966921,0.976099,0.959106,56.67,
9,9,OAML,synth_agrawal,classification,100000,0.976152,0.972533,0.98193,0.964538,22.0473,
9,9,RandomSearch,synth_agrawal,classification,100000,0.71727,0.644048,0.67777,0.636642,16.1504,
0,0,ARF,vehicle_sensIT,classification,98528,0.810673,0.601114,0.595537,0.608811,213.3823,
0,0,ASML,vehicle_sensIT,classification,98528,0.792952,0.584062,0.579174,0.591012,327.0668,
0,0,AutoClass,vehicle_sensIT,classification,98528,0.773181,0.758279,0.752715,0.765596,401.5506,
0,0,EvoAutoML,vehicle_sensIT,classification,98528,0.795203,0.780739,0.777328,0.785973,388.2967,
0,0,OAML,vehicle_sensIT,classification,98528,0.80504,0.793173,0.788436,0.799032,91.1228,
0,0,RandomSearch,vehicle_sensIT,classification,98528,0.695954,0.676868,0.676969,0.694207,100.3449,
1,1,ARF,vehicle_sensIT,classification,98528,0.809313,0.599951,0.594673,0.607169,215.9784,
1,1,ASML,vehicle_sensIT,classification,98528,0.792303,0.466065,0.463584,0.469922,247.6174,
1,1,AutoClass,vehicle_sensIT,classification,98528,0.777099,0.570156,0.566264,0.575732,418.1788,
1,1,EvoAutoML,vehicle_sensIT,classification,98528,0.796484,0.586744,0.58484,0.589449,403.0861,
1,1,OAML,vehicle_sensIT,classification,98528,0.802894,0.790623,0.784162,0.799412,132.3798,
1,1,RandomSearch,vehicle_sensIT,classification,98528,0.687794,0.502478,0.506844,0.518503,100.4213,
2,2,ARF,vehicle_sensIT,classification,98528,0.812541,0.602611,0.597414,0.609567,215.4017,
2,2,ASML,vehicle_sensIT,classification,98528,0.787066,0.462837,0.461066,0.465494,259.4945,
2,2,AutoClass,vehicle_sensIT,classification,98528,0.78127,0.574789,0.570384,0.580709,368.4448,
2,2,EvoAutoML,vehicle_sensIT,classification,98528,0.79621,0.586199,0.584177,0.58944,387.1563,
2,2,OAML,vehicle_sensIT,classification,98528,0.786714,0.771785,0.76774,0.776559,89.6208,
2,2,RandomSearch,vehicle_sensIT,classification,98528,0.699365,0.509302,0.508904,0.521202,101.6081,
3,3,ARF,vehicle_sensIT,classification,98528,0.810825,0.601274,0.59593,0.608513,212.9684,
3,3,ASML,vehicle_sensIT,classification,98528,0.795226,0.468312,0.466653,0.470703,245.0187,
3,3,AutoClass,vehicle_sensIT,classification,98528,0.754263,0.548588,0.544591,0.55735,298.4426,
3,3,EvoAutoML,vehicle_sensIT,classification,98528,0.794921,0.584723,0.583742,0.58719,406.3615,
3,3,OAML,vehicle_sensIT,classification,98528,0.80624,0.794529,0.789146,0.801279,153.8681,
3,3,RandomSearch,vehicle_sensIT,classification,98528,0.682831,0.497979,0.501247,0.512747,101.5042,
4,4,ARF,vehicle_sensIT,classification,98528,0.812855,0.602888,0.597572,0.610032,221.5916,
4,4,ASML,vehicle_sensIT,classification,98528,0.791968,0.466367,0.462954,0.470966,274.3957,
4,4,AutoClass,vehicle_sensIT,classification,98528,0.77786,0.572067,0.568059,0.577246,372.7649,
4,4,EvoAutoML,vehicle_sensIT,classification,98528,0.789022,0.772186,0.772053,0.77424,389.4705,
4,4,OAML,vehicle_sensIT,classification,98528,0.80681,0.794296,0.789429,0.800538,169.1887,
4,4,RandomSearch,vehicle_sensIT,classification,98528,0.685561,0.499533,0.503363,0.513759,105.3975,
5,5,ARF,vehicle_sensIT,classification,98528,0.810683,0.60108,0.595916,0.608015,233.4657,
5,5,ASML,vehicle_sensIT,classification,98528,0.791267,0.46597,0.462726,0.470393,346.7532,
5,5,AutoClass,vehicle_sensIT,classification,98528,0.755318,0.549462,0.545537,0.55852,285.9983,
5,5,EvoAutoML,vehicle_sensIT,classification,98528,0.796261,0.586637,0.582953,0.591705,391.8209,
5,5,OAML,vehicle_sensIT,classification,98528,0.701977,0.684558,0.684834,0.685799,20.4801,
5,5,RandomSearch,vehicle_sensIT,classification,98528,0.704439,0.512114,0.511182,0.522381,107.497,
6,6,ARF,vehicle_sensIT,classification,98528,0.812815,0.603156,0.597651,0.610743,224.679,
6,6,ASML,vehicle_sensIT,classification,98528,0.795205,0.469002,0.465179,0.474239,319.5692,
6,6,AutoClass,vehicle_sensIT,classification,98528,0.774785,0.569836,0.56513,0.576468,408.6372,
6,6,EvoAutoML,vehicle_sensIT,classification,98528,0.797517,0.784162,0.780261,0.789263,399.0197,
6,6,OAML,vehicle_sensIT,classification,98528,0.800026,0.787472,0.780895,0.796624,111.9384,
6,6,RandomSearch,vehicle_sensIT,classification,98528,0.673748,0.491935,0.498274,0.508245,105.7338,
7,7,ARF,vehicle_sensIT,classification,98528,0.811282,0.601329,0.596389,0.607801,204.7985,
7,7,ASML,vehicle_sensIT,classification,98528,0.792201,0.466989,0.463228,0.472481,304.9727,
7,7,AutoClass,vehicle_sensIT,classification,98528,0.775749,0.569452,0.565878,0.574647,381.3552,
7,7,EvoAutoML,vehicle_sensIT,classification,98528,0.793904,0.778201,0.777754,0.780725,391.9368,
7,7,OAML,vehicle_sensIT,classification,98528,0.799854,0.786642,0.782893,0.791135,61.1742,
7,7,RandomSearch,vehicle_sensIT,classification,98528,0.690677,0.669714,0.671705,0.687294,103.0853,
8,8,ARF,vehicle_sensIT,classification,98528,0.810561,0.601105,0.595694,0.608521,205.9305,
8,8,ASML,vehicle_sensIT,classification,98528,0.793033,0.466889,0.464011,0.471007,285.4758,
8,8,AutoClass,vehicle_sensIT,classification,98528,0.755298,0.549334,0.545452,0.558584,373.8485,
8,8,EvoAutoML,vehicle_sensIT,classification,98528,0.796129,0.586109,0.584658,0.58869,393.8584,
8,8,OAML,vehicle_sensIT,classification,98528,0.701977,0.684558,0.684834,0.685799,21.345,
8,8,RandomSearch,vehicle_sensIT,classification,98528,0.677249,0.658823,0.665762,0.679704,102.8486,
9,9,ARF,vehicle_sensIT,classification,98528,0.807659,0.598612,0.593264,0.605883,226.5301,
9,9,ASML,vehicle_sensIT,classification,98528,0.789907,0.465178,0.461449,0.470521,320.2845,
9,9,AutoClass,vehicle_sensIT,classification,98528,0.771943,0.566497,0.562899,0.571102,323.8765,
9,9,EvoAutoML,vehicle_sensIT,classification,98528,0.791136,0.582198,0.578473,0.587704,373.2836,
9,9,OAML,vehicle_sensIT,classification,98528,0.783754,0.768591,0.764328,0.773748,58.0659,
9,9,RandomSearch,vehicle_sensIT,classification,98528,0.705931,0.513827,0.512733,0.524469,105.4154,
