run_id,seed,framework,dataset,task,n_samples,r2,mae,rmse,total_time_s,error
0,0,ARF,FriedmanGra,regression,100000,0.334557,3.334362,4.063233,6.613,
0,0,ASML,FriedmanGra,regression,100000,0.783092,1.828814,2.319821,44.2141,
0,0,ChaCha,FriedmanGra,regression,100000,0.692964,2.144209,2.760011,81.612,
0,0,EvoAutoML,FriedmanGra,regression,100000,0.716687,2.073742,2.651244,51.1639,
0,0,RandomSearch,FriedmanGra,regression,100000,0.615183,2.390902,3.089893,10.3416,
1,1,ARF,FriedmanGra,regression,100000,0.419482,3.090927,3.795106,6.4465,
1,1,ASML,FriedmanGra,regression,100000,0.76487,1.905967,2.415296,38.7605,
1,1,ChaCha,FriedmanGra,regression,100000,0.692964,2.144209,2.760011,82.0723,
1,1,EvoAutoML,FriedmanGra,regression,100000,0.688123,2.166225,2.781686,56.8064,
1,1,RandomSearch,FriedmanGra,regression,100000,0.633669,2.347695,3.014761,10.2953,
2,2,ARF,FriedmanGra,regression,100000,0.469855,2.944143,3.626718,6.0808,
2,2,ASML,FriedmanGra,regression,100000,0.758827,1.93243,2.446135,40.286,
2,2,ChaCha,FriedmanGra,regression,100000,0.692964,2.144209,2.760011,82.244,
2,2,EvoAutoML,FriedmanGra,regression,100000,0.692253,2.153926,2.763206,54.4985,
2,2,RandomSearch,FriedmanGra,regression,100000,0.599844,2.458763,3.150873,10.1113,
3,3,ARF,FriedmanGra,regression,100000,0.369893,3.216819,3.953879,6.4558,
3,3,ASML,FriedmanGra,regression,100000,0.713915,2.109493,2.664181,36.5094,
3,3,ChaCha,FriedmanGra,regression,100000,0.692964,2.144209,2.760011,81.937,
3,3,EvoAutoML,FriedmanGra,regression,100000,0.624457,2.260067,3.052432,50.9144,
3,3,RandomSearch,FriedmanGra,regression,100000,0.635673,2.336085,3.006505,10.5497,
4,4,ARF,FriedmanGra,regression,100000,0.398792,3.14787,3.862146,6.9044,
4,4,ASML,FriedmanGra,regression,100000,0.745367,1.987417,2.513469,37.4301,
4,4,ChaCha,FriedmanGra,regression,100000,0.692964,2.144209,2.760011,81.7528,
4,4,EvoAutoML,FriedmanGra,regression,100000,0.695475,2.124759,2.748702,55.9496,
4,4,RandomSearch,FriedmanGra,regression,100000,0.567308,2.545993,3.276467,10.0924,
5,5,ARF,FriedmanGra,regression,100000,0.393803,3.157377,3.878136,6.4871,
5,5,ASML,FriedmanGra,regression,100000,0.761318,1.917983,2.433469,41.3623,
5,5,ChaCha,FriedmanGra,regression,100000,0.692964,2.144209,2.760011,81.9832,
5,5,EvoAutoML,FriedmanGra,regression,100000,0.695355,2.131223,2.749243,53.7268,
5,5,RandomSearch,FriedmanGra,regression,100000,0.558094,2.575489,3.311167,10.29,
6,6,ARF,FriedmanGra,regression,100000,0.441783,3.031489,3.721496,6.2052,
6,6,ASML,FriedmanGra,regression,100000,0.750416,1.961801,2.488427,41.0554,
6,6,ChaCha,FriedmanGra,regression,100000,0.692964,2.144209,2.760011,82.1886,
6,6,EvoAutoML,FriedmanGra,regression,100000,0.702528,2.118748,2.716683,57.916,
6,6,RandomSearch,FriedmanGra,regression,100000,0.574987,2.514037,3.247263,10.5443,
7,7,ARF,FriedmanGra,regression,100000,0.425578,3.087664,3.775129,6.4527,
7,7,ASML,FriedmanGra,regression,100000,0.750098,1.968577,2.490009,41.4215,
7,7,ChaCha,FriedmanGra,regression,100000,0.692964,2.144209,2.760011,82.0028,
7,7,EvoAutoML,FriedmanGra,regression,100000,0.71166,2.086479,2.674659,56.4091,
7,7,RandomSearch,FriedmanGra,regression,100000,0.579035,2.494207,3.23176,10.5671,
8,8,ARF,FriedmanGra,regression,100000,0.495415,2.878716,3.538207,6.8539,
8,8,ASML,FriedmanGra,regression,100000,0.787048,1.814198,2.298567,40.5081,
8,8,ChaCha,FriedmanGra,regression,100000,0.692964,2.144209,2.760011,82.0665,
8,8,EvoAutoML,FriedmanGra,regression,100000,0.704745,2.103751,2.706541,57.355,
8,8,RandomSearch,FriedmanGra,regression,100000,0.573565,2.515657,3.252691,10.1197,
9,9,ARF,FriedmanGra,regression,100000,0.49401,2.861417,3.543129,6.6576,
9,9,ASML,FriedmanGra,regression,100000,0.720048,2.081781,2.635468,36.094,
9,9,ChaCha,FriedmanGra,regression,100000,0.692964,2.144209,2.760011,81.7356,
9,9,EvoAutoML,FriedmanGra,regression,100000,0.701006,2.120111,2.723626,49.424,
9,9,RandomSearch,FriedmanGra,regression,100000,0.579458,2.488736,3.230135,10.4005,
0,0,ARF,House8L,regression,22784,0.413949,21147.738498,40452.890274,1.7875,
0,0,ASML,House8L,regression,22784,0.398331,20857.337788,40988.359853,7.1295,
0,0,ChaCha,House8L,regression,22784,0.274144,26033.622343,45020.157597,24.2394,
0,0,EvoAutoML,House8L,regression,22784,0.468788,19879.030699,38513.75604,15.3636,
0,0,RandomSearch,House8L,regression,22784,0.282713,24733.521606,44753.649495,2.2635,
1,1,ARF,House8L,regression,22784,0.390664,21582.996086,41248.700916,1.7716,
1,1,ASML,House8L,regression,22784,0.479794,19770.803854,38112.688269,7.4553,
1,1,ChaCha,House8L,regression,22784,0.274144,26033.622343,45020.157597,23.2439,
1,1,EvoAutoML,House8L,regression,22784,0.462273,20167.387938,38749.193409,12.0328,
1,1,RandomSearch,House8L,regression,22784,0.278141,25180.770428,44896.045797,2.2501,
2,2,ARF,House8L,regression,22784,0.440464,20658.815356,39527.165175,1.7739,
2,2,ASML,House8L,regression,22784,0.406267,20700.730854,40717.148458,7.5824,
2,2,ChaCha,House8L,regression,22784,0.274144,26033.622343,45020.157597,23.5768,
2,2,EvoAutoML,House8L,regression,22784,0.430219,20947.990134,39887.412794,10.8669,
2,2,RandomSearch,House8L,regression,22784,0.259043,25689.010397,45486.064616,2.4801,
3,3,ARF,House8L,regression,22784,0.445529,20556.167973,39347.862897,1.7576,
3,3,ASML,House8L,regression,22784,0.39297,21026.304907,41170.586137,6.5483,
3,3,ChaCha,House8L,regression,22784,0.274144,26033.622343,45020.157597,24.1649,
3,3,EvoAutoML,House8L,regression,22784,0.427205,21347.966617,39992.761794,11.3129,
3,3,RandomSearch,House8L,regression,22784,0.342385,23786.417256,42851.676559,2.2805,
4,4,ARF,House8L,regression,22784,0.460215,20326.873718,38823.293128,1.9675,
4,4,ASML,House8L,regression,22784,0.389223,21292.161959,41297.442555,5.7888,
4,4,ChaCha,House8L,regression,22784,0.274144,26033.622343,45020.157597,23.4297,
4,4,EvoAutoML,House8L,regression,22784,0.431476,21042.536437,39843.396159,11.5574,
4,4,RandomSearch,House8L,regression,22784,0.248315,26143.48404,45814.156832,2.3396,
5,5,ARF,House8L,regression,22784,0.41638,21072.844672,40368.893723,1.76,
5,5,ASML,House8L,regression,22784,0.419218,20560.44187,40270.623039,8.3268,
5,5,ChaCha,House8L,regression,22784,0.274144,26033.622343,45020.157597,23.4457,
5,5,EvoAutoML,House8L,regression,22784,0.433695,20721.224474,39765.543471,10.4338,
5,5,RandomSearch,House8L,regression,22784,0.260443,25950.336344,45443.080157,2.4187,
6,6,ARF,House8L,regression,22784,0.373569,22214.827309,41823.315346,1.8849,
6,6,ASML,House8L,regression,22784,0.404851,20675.828804,40765.688269,7.429,
6,6,ChaCha,House8L,regression,22784,0.274144,26033.622343,45020.157597,23.9797,
6,6,EvoAutoML,House8L,regression,22784,0.449147,21111.403476,39219.271246,11.4554,
6,6,RandomSearch,House8L,regression,22784,0.245491,25575.999213,45900.145897,2.27,
7,7,ARF,House8L,regression,22784,0.423909,21038.294929,40107.65215,1.9129,
7,7,ASML,House8L,regression,22784,0.397999,20981.815805,40999.685986,7.2311,
7,7,ChaCha,House8L,regression,22784,0.274144,26033.622343,45020.157597,23.4877,
7,7,EvoAutoML,House8L,regression,22784,0.441588,21193.760938,39487.477025,10.4134,
7,7,RandomSearch,House8L,regression,22784,0.310637,24485.48803,43873.872755,2.6046,
8,8,ARF,House8L,regression,22784,0.437939,21069.083428,39616.264873,2.1149,
8,8,ASML,House8L,regression,22784,0.421273,21991.258733,40199.321192,6.117,
8,8,ChaCha,House8L,regression,22784,0.274144,26033.622343,45020.157597,23.9541,
8,8,EvoAutoML,House8L,regression,22784,0.471531,20029.315518,38414.189556,12.8817,
8,8,RandomSearch,House8L,regression,22784,0.286858,25160.61218,44624.148757,2.3676,
9,9,ARF,House8L,regression,22784,0.417249,21374.744626,40338.850618,1.7342,
9,9,ASML,House8L,regression,22784,0.422821,20409.987672,40145.530977,7.426,
9,9,ChaCha,House8L,regression,22784,0.274144,26033.622343,45020.157597,23.5603,
9,9,EvoAutoML,House8L,regression,22784,0.435112,21364.21183,39715.774009,11.5271,
9,9,RandomSearch,House8L,regression,22784,0.261428,25821.72851,45412.794831,2.2396,
0,0,ARF,MetroTraffic,regression,48204,0.213951,1520.031804,1761.520483,4.2889,
0,0,ASML,MetroTraffic,regression,48204,0.770407,648.124668,952.011704,8.1048,
0,0,ChaCha,MetroTraffic,regression,48204,0.042498,1697.587268,1944.163518,47.2332,
0,0,EvoAutoML,MetroTraffic,regression,48204,0.575594,943.011501,1294.356154,17.602,
0,0,RandomSearch,MetroTraffic,regression,48204,0.179724,1445.848862,1799.462594,4.3882,
1,1,ARF,MetroTraffic,regression,48204,0.217543,1514.273617,1757.490864,4.3243,
1,1,ASML,MetroTraffic,regression,48204,0.773693,629.675551,945.174492,7.5739,
1,1,ChaCha,MetroTraffic,regression,48204,0.042498,1697.587268,1944.163518,48.1392,
1,1,EvoAutoML,MetroTraffic,regression,48204,0.735843,723.538711,1021.160864,15.0633,
1,1,RandomSearch,MetroTraffic,regression,48204,0.121123,1525.567183,1862.631511,4.4104,
2,2,ARF,MetroTraffic,regression,48204,0.188628,1549.719423,1789.670238,4.4433,
2,2,ASML,MetroTraffic,regression,48204,0.733482,721.885695,1025.713443,7.7527,
2,2,ChaCha,MetroTraffic,regression,48204,0.042527,1697.543448,1944.134024,47.0802,
2,2,EvoAutoML,MetroTraffic,regression,48204,0.743303,718.578194,1006.637007,15.1149,
2,2,RandomSearch,MetroTraffic,regression,48204,0.169333,1457.761467,1810.824952,4.39,
3,3,ARF,MetroTraffic,regression,48204,0.207617,1521.988313,1768.603396,4.5835,
3,3,ASML,MetroTraffic,regression,48204,0.761194,665.695414,970.92385,8.1269,
3,3,ChaCha,MetroTraffic,regression,48204,0.042527,1697.543448,1944.134024,47.7472,
3,3,EvoAutoML,MetroTraffic,regression,48204,0.737582,719.068538,1017.793235,14.8325,
3,3,RandomSearch,MetroTraffic,regression,48204,0.142293,1513.48816,1840.061823,4.4639,
4,4,ARF,MetroTraffic,regression,48204,0.195782,1537.2952,1781.762382,4.2672,
4,4,ASML,MetroTraffic,regression,48204,0.770319,638.451254,952.194797,8.1523,
4,4,ChaCha,MetroTraffic,regression,48204,0.042498,1697.587268,1944.163518,48.0679,
4,4,EvoAutoML,MetroTraffic,regression,48204,0.726804,759.712434,1038.484905,15.0905,
4,4,RandomSearch,MetroTraffic,regression,48204,0.20213,1422.37932,1774.716265,4.5289,
5,5,ARF,MetroTraffic,regression,48204,0.205045,1535.304916,1771.472055,4.3606,
5,5,ASML,MetroTraffic,regression,48204,0.754775,688.965737,983.887873,7.2778,
5,5,ChaCha,MetroTraffic,regression,48204,0.042527,1697.543448,1944.134024,47.6387,
5,5,EvoAutoML,MetroTraffic,regression,48204,0.712099,768.055393,1066.066395,15.1348,
5,5,RandomSearch,MetroTraffic,regression,48204,0.170528,1481.224463,1809.522041,4.3518,
6,6,ARF,MetroTraffic,regression,48204,0.234714,1492.387951,1738.099617,4.3517,
6,6,ASML,MetroTraffic,regression,48204,0.783403,607.585665,924.675441,7.9198,
6,6,ChaCha,MetroTraffic,regression,48204,0.042498,1697.587268,1944.163518,48.0077,
6,6,EvoAutoML,MetroTraffic,regression,48204,0.738949,727.322331,1015.13993,13.9753,
6,6,RandomSearch,MetroTraffic,regression,48204,0.167183,1453.746551,1813.16632,4.4484,
7,7,ARF,MetroTraffic,regression,48204,0.200651,1536.098236,1776.360994,4.5019,
7,7,ASML,MetroTraffic,regression,48204,0.788372,595.522609,914.007497,7.9705,
7,7,ChaCha,MetroTraffic,regression,48204,0.042527,1697.543448,1944.134024,47.4411,
7,7,EvoAutoML,MetroTraffic,regression,48204,0.710392,769.739923,1069.222395,15.5004,
7,7,RandomSearch,MetroTraffic,regression,48204,0.101909,1533.647995,1882.882023,4.8522,
8,8,ARF,MetroTraffic,regression,48204,0.241058,1484.40919,1730.880966,4.0121,
8,8,ASML,MetroTraffic,regression,48204,0.755598,679.074975,982.234642,8.3393,
8,8,ChaCha,MetroTraffic,regression,48204,0.042527,1697.543448,1944.134024,47.5161,
8,8,EvoAutoML,MetroTraffic,regression,48204,0.719797,746.522384,1051.717367,14.9833,
8,8,RandomSearch,MetroTraffic,regression,48204,0.145874,1511.306124,1836.216789,4.3561,
9,9,ARF,MetroTraffic,regression,48204,0.227289,1500.554655,1746.512055,4.2133,
9,9,ASML,MetroTraffic,regression,48204,0.742068,709.678266,1009.056313,6.985,
9,9,ChaCha,MetroTraffic,regression,48204,0.042527,1697.543448,1944.134024,47.848,
9,9,EvoAutoML,MetroTraffic,regression,48204,0.733925,744.063204,1024.860462,15.247,
9,9,RandomSearch,MetroTraffic,regression,48204,0.113806,1567.792062,1870.369005,4.3917,
0,0,ARF,ailerons,regression,13750,0.663102,0.047744,0.065748,1.6433,
0,0,ASML,ailerons,regression,13750,0.742606,0.040984,0.057469,9.5151,
0,0,ChaCha,ailerons,regression,13750,0.767468,0.03877,0.054623,12.7628,
0,0,EvoAutoML,ailerons,regression,13750,0.800987,0.036302,0.050533,16.9641,
0,0,RandomSearch,ailerons,regression,13750,0.688054,0.044734,0.063266,4.0472,
1,1,ARF,ailerons,regression,13750,0.669639,0.047435,0.065107,1.6069,
1,1,ASML,ailerons,regression,13750,0.751518,0.04039,0.056465,8.9333,
1,1,ChaCha,ailerons,regression,13750,0.767468,0.03877,0.054623,12.8719,
1,1,EvoAutoML,ailerons,regression,13750,0.745464,0.039331,0.057149,18.7641,
1,1,RandomSearch,ailerons,regression,13750,0.699597,0.044609,0.062085,4.1313,
2,2,ARF,ailerons,regression,13750,0.660732,0.047939,0.065979,1.7534,
2,2,ASML,ailerons,regression,13750,0.758739,0.038925,0.055638,7.7115,
2,2,ChaCha,ailerons,regression,13750,0.771619,0.038563,0.054133,12.8034,
2,2,EvoAutoML,ailerons,regression,13750,0.804436,0.036116,0.050093,16.2497,
2,2,RandomSearch,ailerons,regression,13750,0.734523,0.042024,0.058364,4.3466,
3,3,ARF,ailerons,regression,13750,0.69668,0.04527,0.062385,1.6591,
3,3,ASML,ailerons,regression,13750,0.749442,0.040048,0.0567,10.5469,
3,3,ChaCha,ailerons,regression,13750,0.771619,0.038563,0.054133,12.7557,
3,3,EvoAutoML,ailerons,regression,13750,0.544339,0.04304,0.076463,14.7044,
3,3,RandomSearch,ailerons,regression,13750,0.678954,0.046975,0.064182,4.254,
4,4,ARF,ailerons,regression,13750,0.653216,0.048732,0.066705,1.5756,
4,4,ASML,ailerons,regression,13750,0.766446,0.038811,0.054743,7.6393,
4,4,ChaCha,ailerons,regression,13750,0.767468,0.03877,0.054623,12.7518,
4,4,EvoAutoML,ailerons,regression,13750,0.801083,0.036201,0.05052,17.9097,
4,4,RandomSearch,ailerons,regression,13750,0.680234,0.04634,0.064054,4.0744,
5,5,ARF,ailerons,regression,13750,0.64952,0.049147,0.06706,1.7119,
5,5,ASML,ailerons,regression,13750,0.759804,0.039616,0.055516,10.3374,
5,5,ChaCha,ailerons,regression,13750,0.767468,0.03877,0.054623,12.852,
5,5,EvoAutoML,ailerons,regression,13750,0.804287,0.036406,0.050112,18.5343,
5,5,RandomSearch,ailerons,regression,13750,0.634003,0.049275,0.068528,4.1883,
6,6,ARF,ailerons,regression,13750,0.671059,0.047149,0.064967,1.6354,
6,6,ASML,ailerons,regression,13750,0.764363,0.038964,0.054986,9.0018,
6,6,ChaCha,ailerons,regression,13750,0.771619,0.038563,0.054133,12.8468,
6,6,EvoAutoML,ailerons,regression,13750,0.804483,0.035919,0.050087,15.9651,
6,6,RandomSearch,ailerons,regression,13750,-1.817636,0.089267,0.19014,4.2394,
7,7,ARF,ailerons,regression,13750,0.663159,0.047845,0.065742,1.605,
7,7,ASML,ailerons,regression,13750,0.747503,0.040341,0.056919,9.1699,
7,7,ChaCha,ailerons,regression,13750,0.771619,0.038563,0.054133,12.8244,
7,7,EvoAutoML,ailerons,regression,13750,0.795166,0.036607,0.051266,16.5321,
7,7,RandomSearch,ailerons,regression,13750,0.74145,0.041262,0.057598,4.3707,
8,8,ARF,ailerons,regression,13750,0.696599,0.044441,0.062394,1.626,
8,8,ASML,ailerons,regression,13750,0.762774,0.039233,0.055171,9.2354,
8,8,ChaCha,ailerons,regression,13750,0.767468,0.03877,0.054623,12.8201,
8,8,EvoAutoML,ailerons,regression,13750,0.786354,0.037324,0.052358,20.089,
8,8,RandomSearch,ailerons,regression,13750,-1.038243,0.072297,0.161718,4.155,
9,9,ARF,ailerons,regression,13750,0.701574,0.044532,0.06188,1.6431,
9,9,ASML,ailerons,regression,13750,0.741827,0.040409,0.057556,9.7027,
9,9,ChaCha,ailerons,regression,13750,0.771619,0.038563,0.054133,12.8629,
9,9,EvoAutoML,ailerons,regression,13750,0.800233,0.036206,0.050628,16.011,
9,9,RandomSearch,ailerons,regression,13750,-0.476062,0.069791,0.137621,4.1668,
0,0,ARF,bike,regression,17379,0.474247,96.037415,131.518192,1.0435,
0,0,ASML,bike,regression,17379,0.636595,72.400854,109.342916,3.462,
0,0,ChaCha,bike,regression,17379,0.421662,101.570398,137.938641,21.8896,
0,0,EvoAutoML,bike,regression,17379,0.612443,73.03393,112.91798,10.8737,
0,0,RandomSearch,bike,regression,17379,0.528738,85.840686,124.516293,1.829,
1,1,ARF,bike,regression,17379,0.527996,89.785758,124.614294,1.0942,
1,1,ASML,bike,regression,17379,0.652547,71.009613,106.916087,3.8,
1,1,ChaCha,bike,regression,17379,0.421662,101.570398,137.938641,22.1752,
1,1,EvoAutoML,bike,regression,17379,0.639262,72.05019,108.940962,7.6955,
1,1,RandomSearch,bike,regression,17379,0.456107,94.782493,133.767932,1.7879,
2,2,ARF,bike,regression,17379,0.504685,93.43778,127.654415,1.1405,
2,2,ASML,bike,regression,17379,0.620186,73.492713,111.784305,3.6745,
2,2,ChaCha,bike,regression,17379,0.421662,101.570398,137.938641,22.5474,
2,2,EvoAutoML,bike,regression,17379,0.624667,74.360062,111.122949,6.7981,
2,2,RandomSearch,bike,regression,17379,0.502947,89.286001,127.878141,1.8826,
3,3,ARF,bike,regression,17379,0.477135,96.008784,131.156539,1.0491,
3,3,ASML,bike,regression,17379,0.622146,73.665902,111.495471,3.7795,
3,3,ChaCha,bike,regression,17379,0.421662,101.570398,137.938641,22.4763,
3,3,EvoAutoML,bike,regression,17379,0.616216,74.688584,112.366994,6.8792,
3,3,RandomSearch,bike,regression,17379,0.480019,93.053915,130.79429,1.8802,
4,4,ARF,bike,regression,17379,0.489518,93.807679,129.59411,1.1521,
4,4,ASML,bike,regression,17379,0.651501,70.769615,107.076931,3.6544,
4,4,ChaCha,bike,regression,17379,0.421662,101.570398,137.938641,22.1758,
4,4,EvoAutoML,bike,regression,17379,0.650802,71.87792,107.184226,8.7075,
4,4,RandomSearch,bike,regression,17379,0.507735,88.930741,127.260842,1.7218,
5,5,ARF,bike,regression,17379,0.473338,97.226795,131.631869,1.1414,
5,5,ASML,bike,regression,17379,0.618089,73.353611,112.09236,3.313,
5,5,ChaCha,bike,regression,17379,0.421662,101.570398,137.938641,22.4203,
5,5,EvoAutoML,bike,regression,17379,0.645369,72.158307,108.014821,7.6773,
5,5,RandomSearch,bike,regression,17379,0.459087,96.667727,133.400868,1.8846,
6,6,ARF,bike,regression,17379,0.478392,95.185581,130.998758,1.0984,
6,6,ASML,bike,regression,17379,0.622796,73.226508,111.399522,3.8411,
6,6,ChaCha,bike,regression,17379,0.421662,101.570398,137.938641,22.2608,
6,6,EvoAutoML,bike,regression,17379,0.62314,74.153287,111.348738,7.0123,
6,6,RandomSearch,bike,regression,17379,0.437135,91.301607,136.080949,1.8601,
7,7,ARF,bike,regression,17379,0.48208,95.218114,130.534807,1.0964,
7,7,ASML,bike,regression,17379,0.614626,74.497371,112.599437,3.1872,
7,7,ChaCha,bike,regression,17379,0.421662,101.570398,137.938641,22.3386,
7,7,EvoAutoML,bike,regression,17379,0.632313,74.76569,109.985216,7.1941,
7,7,RandomSearch,bike,regression,17379,0.503555,89.95295,127.8,2.0002,
8,8,ARF,bike,regression,17379,0.44207,100.304187,135.483087,1.173,
8,8,ASML,bike,regression,17379,0.644806,71.377225,108.100584,3.9794,
8,8,ChaCha,bike,regression,17379,0.421662,101.570398,137.938641,22.2737,
8,8,EvoAutoML,bike,regression,17379,0.654474,70.947411,106.619201,8.7505,
8,8,RandomSearch,bike,regression,17379,0.436695,95.33307,136.134081,1.7853,
9,9,ARF,bike,regression,17379,0.539983,88.627863,123.021761,1.1015,
9,9,ASML,bike,regression,17379,0.639443,70.821458,108.913522,4.2961,
9,9,ChaCha,bike,regression,17379,0.421662,101.570398,137.938641,22.2083,
9,9,EvoAutoML,bike,regression,17379,0.647745,72.710713,107.652386,8.6713,
9,9,RandomSearch,bike,regression,17379,0.45376,96.296339,134.056139,1.8032,
0,0,ARF,california_housing,regression,20640,0.756968,37943.975338,56886.615621,1.269,
0,0,ASML,california_housing,regression,20640,0.795455,33950.723732,52188.269098,3.4381,
0,0,ChaCha,california_housing,regression,20640,0.741773,40557.511275,58638.055246,22.006,
0,0,EvoAutoML,california_housing,regression,20640,0.810974,33629.789356,50169.524739,7.8413,
0,0,RandomSearch,california_housing,regression,20640,0.697771,43853.129873,63437.634082,1.7785,
1,1,ARF,california_housing,regression,20640,0.767071,36904.855681,55691.661635,1.3623,
1,1,ASML,california_housing,regression,20640,0.799092,33751.565505,51722.303817,3.3402,
1,1,ChaCha,california_housing,regression,20640,0.741773,40557.511275,58638.055246,21.5862,
1,1,EvoAutoML,california_housing,regression,20640,0.790485,33118.643789,52818.556362,6.8836,
1,1,RandomSearch,california_housing,regression,20640,0.550101,55131.222309,77399.167445,1.769,
2,2,ARF,california_housing,regression,20640,0.769712,36984.730329,55375.096752,1.494,
2,2,ASML,california_housing,regression,20640,0.807625,32857.580372,50611.954361,3.453,
2,2,ChaCha,california_housing,regression,20640,0.740943,40636.867894,58732.187401,21.9178,
2,2,EvoAutoML,california_housing,regression,20640,0.804367,32822.241039,51038.721661,6.5185,
2,2,RandomSearch,california_housing,regression,20640,0.65398,47825.594018,67878.006911,1.8257,
3,3,ARF,california_housing,regression,20640,0.772758,36725.271888,55007.661978,1.1967,
3,3,ASML,california_housing,regression,20640,0.795609,34002.403632,52168.638989,3.4208,
3,3,ChaCha,california_housing,regression,20640,0.741773,40557.511275,58638.055246,21.5474,
3,3,EvoAutoML,california_housing,regression,20640,0.808332,32167.251698,50518.806644,6.6057,
3,3,RandomSearch,california_housing,regression,20640,0.615623,48993.724043,71541.388864,1.9057,
4,4,ARF,california_housing,regression,20640,0.749398,38714.054321,57765.826136,1.2348,
4,4,ASML,california_housing,regression,20640,0.803673,33047.660137,51129.225608,3.6783,
4,4,ChaCha,california_housing,regression,20640,0.740943,40636.867894,58732.187401,21.9676,
4,4,EvoAutoML,california_housing,regression,20640,0.822231,31463.176626,48652.699424,6.9479,
4,4,RandomSearch,california_housing,regression,20640,0.647538,47877.128743,68506.957588,1.9261,
5,5,ARF,california_housing,regression,20640,0.766629,37108.34563,55744.484925,1.2282,
5,5,ASML,california_housing,regression,20640,0.809516,32329.338417,50362.63806,3.8257,
5,5,ChaCha,california_housing,regression,20640,0.741773,40557.511275,58638.055246,21.8261,
5,5,EvoAutoML,california_housing,regression,20640,0.805596,33888.529192,50878.174655,8.0468,
5,5,RandomSearch,california_housing,regression,20640,0.496634,59779.464512,81869.203404,1.7586,
6,6,ARF,california_housing,regression,20640,0.7691,37278.038482,55448.679385,1.2947,
6,6,ASML,california_housing,regression,20640,0.795569,34127.229991,52173.699899,3.52,
6,6,ChaCha,california_housing,regression,20640,0.741773,40557.511275,58638.055246,21.7313,
6,6,EvoAutoML,california_housing,regression,20640,0.814309,32055.458996,49724.894373,7.1498,
6,6,RandomSearch,california_housing,regression,20640,0.719002,41284.096842,61168.826817,1.7709,
7,7,ARF,california_housing,regression,20640,0.784226,35438.838966,53601.734176,1.4141,
7,7,ASML,california_housing,regression,20640,0.807578,32891.331806,50618.172548,3.4874,
7,7,ChaCha,california_housing,regression,20640,0.741773,40557.511275,58638.055246,21.9081,
7,7,EvoAutoML,california_housing,regression,20640,0.816107,32811.278175,49483.65165,6.6235,
7,7,RandomSearch,california_housing,regression,20640,0.610011,49438.755697,72061.755371,1.8642,
8,8,ARF,california_housing,regression,20640,0.774433,36635.083894,54804.541583,1.2551,
8,8,ASML,california_housing,regression,20640,0.813836,31889.56417,49788.237405,3.6968,
8,8,ChaCha,california_housing,regression,20640,0.741773,40557.511275,58638.055246,21.6972,
8,8,EvoAutoML,california_housing,regression,20640,0.814932,32383.995759,49641.507419,7.9636,
8,8,RandomSearch,california_housing,regression,20640,0.635636,47889.146581,69654.085353,1.6574,
9,9,ARF,california_housing,regression,20640,0.756492,38314.411296,56942.294934,1.2478,
9,9,ASML,california_housing,regression,20640,0.800617,33118.796917,51525.58063,3.3873,
9,9,ChaCha,california_housing,regression,20640,0.741773,40557.511275,58638.055246,21.492,
9,9,EvoAutoML,california_housing,regression,20640,0.815739,31841.180375,49533.090331,6.3274,
9,9,RandomSearch,california_housing,regression,20640,0.561618,51447.870042,76402.087156,1.6641,
0,0,ARF,cps88wages,regression,28155,0.17662,259.732589,411.542757,1.5764,
0,0,ASML,cps88wages,regression,28155,0.212158,242.627214,402.5636,3.8109,
0,0,ChaCha,cps88wages,regression,28155,0.231885,244.150523,397.491651,28.7324,
0,0,EvoAutoML,cps88wages,regression,28155,0.257583,235.637305,390.785992,8.4141,
0,0,RandomSearch,cps88wages,regression,28155,0.111887,263.06281,427.414332,1.867,
1,1,ARF,cps88wages,regression,28155,0.173698,262.168519,412.272367,1.5921,
1,1,ASML,cps88wages,regression,28155,0.240778,238.613815,395.18393,3.7136,
1,1,ChaCha,cps88wages,regression,28155,0.233214,243.813629,397.147687,28.5416,
1,1,EvoAutoML,cps88wages,regression,28155,0.256001,234.603494,391.201897,8.6422,
1,1,RandomSearch,cps88wages,regression,28155,0.060863,262.058711,439.520775,1.9064,
2,2,ARF,cps88wages,regression,28155,0.177296,260.915351,411.373961,1.645,
2,2,ASML,cps88wages,regression,28155,0.243275,238.267275,394.533587,3.6977,
2,2,ChaCha,cps88wages,regression,28155,0.231885,244.150523,397.491651,29.1286,
2,2,EvoAutoML,cps88wages,regression,28155,0.251586,235.928684,392.36103,8.4081,
2,2,RandomSearch,cps88wages,regression,28155,0.058512,269.240508,440.070593,1.8887,
3,3,ARF,cps88wages,regression,28155,0.15863,264.656509,416.014528,1.6182,
3,3,ASML,cps88wages,regression,28155,0.243425,237.707064,394.494412,3.7496,
3,3,ChaCha,cps88wages,regression,28155,0.231885,244.150523,397.491651,28.7231,
3,3,EvoAutoML,cps88wages,regression,28155,0.251283,236.852748,392.440453,8.5546,
3,3,RandomSearch,cps88wages,regression,28155,0.174096,253.857289,412.173091,1.9603,
4,4,ARF,cps88wages,regression,28155,0.18216,259.741661,410.156002,1.576,
4,4,ASML,cps88wages,regression,28155,0.243819,236.589235,394.391807,3.5897,
4,4,ChaCha,cps88wages,regression,28155,0.231885,244.150523,397.491651,28.9209,
4,4,EvoAutoML,cps88wages,regression,28155,0.253679,236.085357,391.812121,9.3863,
4,4,RandomSearch,cps88wages,regression,28155,0.112351,269.555953,427.302548,1.8727,
5,5,ARF,cps88wages,regression,28155,0.171752,261.748509,412.75764,1.4771,
5,5,ASML,cps88wages,regression,28155,0.208522,241.382265,403.491525,3.7076,
5,5,ChaCha,cps88wages,regression,28155,0.231885,244.150523,397.491651,30.049,
5,5,EvoAutoML,cps88wages,regression,28155,0.260893,234.409775,389.913684,8.217,
5,5,RandomSearch,cps88wages,regression,28155,0.138818,263.260829,420.883951,1.8503,
6,6,ARF,cps88wages,regression,28155,0.131471,272.421033,422.675477,1.6333,
6,6,ASML,cps88wages,regression,28155,0.244479,237.074584,394.219589,3.7627,
6,6,ChaCha,cps88wages,regression,28155,0.231885,244.150523,397.491651,29.327,
6,6,EvoAutoML,cps88wages,regression,28155,0.257309,235.074618,390.858069,8.2911,
6,6,RandomSearch,cps88wages,regression,28155,0.081118,269.709033,434.75523,1.9241,
7,7,ARF,cps88wages,regression,28155,0.162299,263.936935,415.106442,1.6088,
7,7,ASML,cps88wages,regression,28155,0.223139,239.395656,399.748161,3.7173,
7,7,ChaCha,cps88wages,regression,28155,0.231885,244.150523,397.491651,29.2615,
7,7,EvoAutoML,cps88wages,regression,28155,0.250687,237.469076,392.596617,7.9941,
7,7,RandomSearch,cps88wages,regression,28155,0.099685,259.22813,430.340475,2.09,
8,8,ARF,cps88wages,regression,28155,0.176315,258.658829,411.619045,1.5445,
8,8,ASML,cps88wages,regression,28155,0.239191,240.112293,395.596879,3.8846,
8,8,ChaCha,cps88wages,regression,28155,0.231885,244.150523,397.491651,28.888,
8,8,EvoAutoML,cps88wages,regression,28155,0.260115,233.724202,390.118884,9.2151,
8,8,RandomSearch,cps88wages,regression,28155,0.122659,259.169384,424.814192,2.0024,
9,9,ARF,cps88wages,regression,28155,0.17263,262.591249,412.538883,1.7009,
9,9,ASML,cps88wages,regression,28155,0.239933,237.289425,395.403723,3.6688,
9,9,ChaCha,cps88wages,regression,28155,0.233214,243.813629,397.147687,29.3486,
9,9,EvoAutoML,cps88wages,regression,28155,0.247439,238.132995,393.446526,8.1144,
9,9,RandomSearch,cps88wages,regression,28155,0.132861,262.79843,422.337192,1.9079,
0,0,ARF,diamonds,regression,53940,0.956708,233.749851,830.06115,3.9376,
0,0,ASML,diamonds,regression,53940,0.997423,86.786133,202.520396,17.3353,
0,0,ChaCha,diamonds,regression,53940,0.981837,254.885527,537.655765,77.7992,
0,0,EvoAutoML,diamonds,regression,53940,0.992074,45.215325,355.174519,25.8491,
0,0,RandomSearch,diamonds,regression,53940,0.939541,442.519867,980.933952,4.6864,
1,1,ARF,diamonds,regression,53940,0.934489,269.244107,1021.088634,3.4761,
1,1,ASML,diamonds,regression,53940,0.996795,91.997142,225.838134,14.4886,
1,1,ChaCha,diamonds,regression,53940,0.981811,257.014335,538.043509,79.6693,
1,1,EvoAutoML,diamonds,regression,53940,0.992258,47.414948,351.029192,25.2241,
1,1,RandomSearch,diamonds,regression,53940,0.952448,455.488366,869.949134,4.6575,
2,2,ARF,diamonds,regression,53940,0.974444,189.208339,637.750337,4.1105,
2,2,ASML,diamonds,regression,53940,0.997174,68.653675,212.076211,16.1422,
2,2,ChaCha,diamonds,regression,53940,0.981837,254.885527,537.655765,76.0821,
2,2,EvoAutoML,diamonds,regression,53940,0.995165,67.782589,277.41212,34.1083,
2,2,RandomSearch,diamonds,regression,53940,0.906816,488.49815,1217.804197,4.896,
3,3,ARF,diamonds,regression,53940,0.955456,245.469761,841.979641,3.7935,
3,3,ASML,diamonds,regression,53940,0.997349,83.330109,205.403244,15.0408,
3,3,ChaCha,diamonds,regression,53940,0.981811,257.014335,538.043509,78.4727,
3,3,EvoAutoML,diamonds,regression,53940,0.993386,53.252371,324.442919,27.906,
3,3,RandomSearch,diamonds,regression,53940,0.92071,518.409828,1123.353771,4.7445,
4,4,ARF,diamonds,regression,53940,0.951583,232.07787,877.819164,4.11,
4,4,ASML,diamonds,regression,53940,0.997503,72.422655,199.346583,14.5219,
4,4,ChaCha,diamonds,regression,53940,0.981837,254.885527,537.655765,76.1924,
4,4,EvoAutoML,diamonds,regression,53940,0.997019,60.953822,217.816042,36.3167,
4,4,RandomSearch,diamonds,regression,53940,0.9053,552.936383,1227.670724,4.8051,
5,5,ARF,diamonds,regression,53940,0.950816,244.321293,884.747637,3.7966,
5,5,ASML,diamonds,regression,53940,0.997582,68.978909,196.166906,15.2942,
5,5,ChaCha,diamonds,regression,53940,0.981837,254.885527,537.655765,79.6896,
5,5,EvoAutoML,diamonds,regression,53940,0.98764,61.208921,443.523331,24.6274,
5,5,RandomSearch,diamonds,regression,53940,0.756338,900.473099,1969.25354,4.5835,
6,6,ARF,diamonds,regression,53940,0.929832,276.868238,1056.762858,3.5514,
6,6,ASML,diamonds,regression,53940,0.994445,73.03763,297.33882,13.882,
6,6,ChaCha,diamonds,regression,53940,0.981837,254.885527,537.655765,78.3597,
6,6,EvoAutoML,diamonds,regression,53940,0.991446,49.206565,368.974503,24.2235,
6,6,RandomSearch,diamonds,regression,53940,0.907199,559.089411,1215.301798,4.807,
7,7,ARF,diamonds,regression,53940,0.941075,274.315495,968.407676,3.9347,
7,7,ASML,diamonds,regression,53940,0.998628,57.547663,147.789154,14.6982,
7,7,ChaCha,diamonds,regression,53940,0.981811,257.014335,538.043509,78.3662,
7,7,EvoAutoML,diamonds,regression,53940,0.992034,55.527576,356.0678,26.9415,
7,7,RandomSearch,diamonds,regression,53940,0.873624,579.757485,1418.210801,4.8073,
8,8,ARF,diamonds,regression,53940,0.946087,254.1196,926.303808,3.4712,
8,8,ASML,diamonds,regression,53940,0.99661,89.71232,232.273321,15.4938,
8,8,ChaCha,diamonds,regression,53940,0.981811,257.014335,538.043509,74.8199,
8,8,EvoAutoML,diamonds,regression,53940,0.99724,47.2195,209.592346,42.0188,
8,8,RandomSearch,diamonds,regression,53940,0.755028,776.441488,1974.541808,4.7039,
9,9,ARF,diamonds,regression,53940,0.973758,178.725418,646.254212,4.179,
9,9,ASML,diamonds,regression,53940,0.997386,87.102976,203.975503,15.0867,
9,9,ChaCha,diamonds,regression,53940,0.981811,257.014335,538.043509,79.5019,
9,9,EvoAutoML,diamonds,regression,53940,0.993623,52.235712,318.566278,26.3691,
9,9,RandomSearch,diamonds,regression,53940,0.905436,652.631382,1226.792588,4.6794,
0,0,ARF,elevators,regression,16599,0.655864,0.00212,0.00394,1.4736,
0,0,ASML,elevators,regression,16599,0.864863,0.001393,0.002469,6.9465,
0,0,ChaCha,elevators,regression,16599,0.655086,0.002132,0.003945,16.5155,
0,0,EvoAutoML,elevators,regression,16599,0.862556,0.001469,0.00249,12.1961,
0,0,RandomSearch,elevators,regression,16599,0.719998,0.002254,0.003554,3.1592,
1,1,ARF,elevators,regression,16599,0.681763,0.001995,0.003789,1.3802,
1,1,ASML,elevators,regression,16599,0.820514,0.00158,0.002846,5.651,
1,1,ChaCha,elevators,regression,16599,0.655086,0.002132,0.003945,16.6194,
1,1,EvoAutoML,elevators,regression,16599,0.889029,0.001383,0.002238,10.5842,
1,1,RandomSearch,elevators,regression,16599,0.595131,0.002679,0.004274,3.166,
2,2,ARF,elevators,regression,16599,0.657257,0.00205,0.003932,1.4068,
2,2,ASML,elevators,regression,16599,0.876651,0.001371,0.002359,7.5527,
2,2,ChaCha,elevators,regression,16599,0.663983,0.002113,0.003894,16.4333,
2,2,EvoAutoML,elevators,regression,16599,0.887609,0.001392,0.002252,10.8557,
2,2,RandomSearch,elevators,regression,16599,0.647618,0.002446,0.003987,3.1037,
3,3,ARF,elevators,regression,16599,0.630403,0.002163,0.004083,1.4289,
3,3,ASML,elevators,regression,16599,0.853674,0.001463,0.002569,5.4924,
3,3,ChaCha,elevators,regression,16599,0.655086,0.002132,0.003945,16.6567,
3,3,EvoAutoML,elevators,regression,16599,0.893547,0.001363,0.002192,10.7107,
3,3,RandomSearch,elevators,regression,16599,0.593321,0.002592,0.004283,3.3755,
4,4,ARF,elevators,regression,16599,0.661277,0.002107,0.003909,1.4213,
4,4,ASML,elevators,regression,16599,0.861236,0.001421,0.002502,7.6479,
4,4,ChaCha,elevators,regression,16599,0.655086,0.002132,0.003945,16.5816,
4,4,EvoAutoML,elevators,regression,16599,0.892558,0.001371,0.002202,11.3641,
4,4,RandomSearch,elevators,regression,16599,0.643264,0.002353,0.004012,3.1232,
5,5,ARF,elevators,regression,16599,0.663503,0.002053,0.003896,1.3606,
5,5,ASML,elevators,regression,16599,0.840477,0.001479,0.002683,6.1835,
5,5,ChaCha,elevators,regression,16599,0.655086,0.002132,0.003945,16.7043,
5,5,EvoAutoML,elevators,regression,16599,0.859885,0.001504,0.002514,12.9739,
5,5,RandomSearch,elevators,regression,16599,0.464968,0.002996,0.004913,3.1405,
6,6,ARF,elevators,regression,16599,0.676628,0.002023,0.00382,1.3953,
6,6,ASML,elevators,regression,16599,0.840252,0.00155,0.002685,5.8469,
6,6,ChaCha,elevators,regression,16599,0.655086,0.002132,0.003945,16.5889,
6,6,EvoAutoML,elevators,regression,16599,0.877453,0.001443,0.002351,10.9545,
6,6,RandomSearch,elevators,regression,16599,0.502463,0.002591,0.004738,3.1848,
7,7,ARF,elevators,regression,16599,0.666777,0.002087,0.003877,1.4583,
7,7,ASML,elevators,regression,16599,0.789879,0.001755,0.003079,6.2714,
7,7,ChaCha,elevators,regression,16599,0.655086,0.002132,0.003945,16.5327,
7,7,EvoAutoML,elevators,regression,16599,0.868021,0.001474,0.00244,11.8146,
7,7,RandomSearch,elevators,regression,16599,0.58818,0.002574,0.00431,3.3336,
8,8,ARF,elevators,regression,16599,0.676602,0.002077,0.00382,1.4499,
8,8,ASML,elevators,regression,16599,0.86292,0.001408,0.002487,5.7007,
8,8,ChaCha,elevators,regression,16599,0.655086,0.002132,0.003945,16.5071,
8,8,EvoAutoML,elevators,regression,16599,0.870263,0.001493,0.002419,12.9083,
8,8,RandomSearch,elevators,regression,16599,0.363035,0.002669,0.005361,3.1639,
9,9,ARF,elevators,regression,16599,0.626923,0.002169,0.004103,1.3918,
9,9,ASML,elevators,regression,16599,0.814295,0.001653,0.002895,6.0774,
9,9,ChaCha,elevators,regression,16599,0.655086,0.002132,0.003945,16.795,
9,9,EvoAutoML,elevators,regression,16599,0.892663,0.001335,0.002201,11.1624,
9,9,RandomSearch,elevators,regression,16599,0.48803,0.002804,0.004806,3.2001,
0,0,ARF,fifa,regression,19178,0.765535,4188.630114,9427.514932,2.1026,
0,0,ASML,fifa,regression,19178,0.768681,4184.324035,9364.064542,9.4984,
0,0,ChaCha,fifa,regression,19178,0.758112,4286.997715,9575.598936,20.9027,
0,0,EvoAutoML,fifa,regression,19178,0.760922,4198.529276,9519.811961,20.1023,
0,0,RandomSearch,fifa,regression,19178,0.351243,6994.926486,15681.933983,4.8979,
1,1,ARF,fifa,regression,19178,0.765156,4193.600362,9435.145456,2.1888,
1,1,ASML,fifa,regression,19178,0.727549,4284.13376,10162.552939,9.1217,
1,1,ChaCha,fifa,regression,19178,0.758112,4286.997715,9575.598936,21.1962,
1,1,EvoAutoML,fifa,regression,19178,0.753467,4307.334199,9667.0971,20.7939,
1,1,RandomSearch,fifa,regression,19178,0.616071,5581.359957,12063.794548,4.8878,
2,2,ARF,fifa,regression,19178,0.765933,4190.072202,9419.507754,2.3343,
2,2,ASML,fifa,regression,19178,0.772847,4153.4495,9279.360716,8.8986,
2,2,ChaCha,fifa,regression,19178,0.758112,4286.997715,9575.598936,21.0656,
2,2,EvoAutoML,fifa,regression,19178,0.757111,4251.654177,9595.380181,20.8706,
2,2,RandomSearch,fifa,regression,19178,0.641742,5779.967265,11653.507822,4.8944,
3,3,ARF,fifa,regression,19178,0.763818,4211.570213,9461.976103,2.2197,
3,3,ASML,fifa,regression,19178,0.770687,4189.154303,9323.361138,8.8056,
3,3,ChaCha,fifa,regression,19178,0.758112,4286.997715,9575.598936,21.0752,
3,3,EvoAutoML,fifa,regression,19178,0.62415,5831.711177,11936.192953,18.913,
3,3,RandomSearch,fifa,regression,19178,0.192051,8311.265047,17500.500001,4.7849,
4,4,ARF,fifa,regression,19178,0.767092,4169.47535,9396.168218,2.0752,
4,4,ASML,fifa,regression,19178,0.770977,4167.937095,9317.469917,9.4982,
4,4,ChaCha,fifa,regression,19178,0.758112,4286.997715,9575.598936,20.8265,
4,4,EvoAutoML,fifa,regression,19178,0.748534,4290.000147,9763.336371,21.0294,
4,4,RandomSearch,fifa,regression,19178,0.44944,7843.127796,14446.437408,4.8675,
5,5,ARF,fifa,regression,19178,0.762915,4224.56319,9480.052842,2.2236,
5,5,ASML,fifa,regression,19178,0.722511,4307.567294,10256.074233,9.4541,
5,5,ChaCha,fifa,regression,19178,0.758112,4286.997715,9575.598936,20.9783,
5,5,EvoAutoML,fifa,regression,19178,0.745226,4344.411308,9827.340557,19.1047,
5,5,RandomSearch,fifa,regression,19178,0.518657,7931.900888,13507.840647,4.751,
6,6,ARF,fifa,regression,19178,0.763478,4207.531725,9468.788683,2.0984,
6,6,ASML,fifa,regression,19178,0.766141,4193.692296,9415.322114,8.8161,
6,6,ChaCha,fifa,regression,19178,0.758112,4286.997715,9575.598936,21.27,
6,6,EvoAutoML,fifa,regression,19178,0.642327,4840.651394,11643.981512,20.3024,
6,6,RandomSearch,fifa,regression,19178,0.19689,9070.526849,17448.015689,5.1482,
7,7,ARF,fifa,regression,19178,0.766257,4186.114428,9412.997732,2.1289,
7,7,ASML,fifa,regression,19178,0.772542,4155.337207,9285.581485,9.0616,
7,7,ChaCha,fifa,regression,19178,0.758112,4286.997715,9575.598936,21.0903,
7,7,EvoAutoML,fifa,regression,19178,0.704729,4846.575794,10579.595162,19.1578,
7,7,RandomSearch,fifa,regression,19178,0.675532,5556.386826,11090.338511,5.1487,
8,8,ARF,fifa,regression,19178,0.763883,4193.817139,9460.671888,2.0503,
8,8,ASML,fifa,regression,19178,0.758948,4185.686009,9559.037151,8.8982,
8,8,ChaCha,fifa,regression,19178,0.758112,4286.997715,9575.598936,20.6329,
8,8,EvoAutoML,fifa,regression,19178,0.543011,5017.00341,13161.680513,23.5411,
8,8,RandomSearch,fifa,regression,19178,0.052781,8995.606383,18948.892776,4.8155,
9,9,ARF,fifa,regression,19178,0.760746,4242.923846,9523.314558,2.2897,
9,9,ASML,fifa,regression,19178,0.751511,4257.193764,9705.380918,8.8756,
9,9,ChaCha,fifa,regression,19178,0.758112,4286.997715,9575.598936,20.7265,
9,9,EvoAutoML,fifa,regression,19178,0.745087,4421.119334,9830.032199,20.1592,
9,9,RandomSearch,fifa,regression,19178,-0.31795,11696.250688,22351.567563,4.8796,
0,0,ARF,fried,regression,40768,0.341599,3.299802,4.054735,3.0689,
0,0,ASML,fried,regression,40768,0.775921,1.871892,2.36547,17.1431,
0,0,ChaCha,fried,regression,40768,0.705526,2.112458,2.711694,41.6317,
0,0,EvoAutoML,fried,regression,40768,0.769615,1.88834,2.398525,22.3206,
0,0,RandomSearch,fried,regression,40768,0.657436,2.272734,2.924745,4.9997,
1,1,ARF,fried,regression,40768,0.464114,2.971397,3.658081,3.0586,
1,1,ASML,fried,regression,40768,0.776026,1.853072,2.364918,14.5567,
1,1,ChaCha,fried,regression,40768,0.705526,2.112458,2.711694,42.4771,
1,1,EvoAutoML,fried,regression,40768,0.774129,1.86994,2.374914,22.9883,
1,1,RandomSearch,fried,regression,40768,0.64444,2.314059,2.979709,5.2172,
2,2,ARF,fried,regression,40768,0.45021,3.006168,3.705234,3.2215,
2,2,ASML,fried,regression,40768,0.769717,1.882352,2.397993,16.4193,
2,2,ChaCha,fried,regression,40768,0.705526,2.112458,2.711694,41.5662,
2,2,EvoAutoML,fried,regression,40768,0.767848,1.89256,2.407705,23.9692,
2,2,RandomSearch,fried,regression,40768,0.633801,2.36565,3.023959,5.0178,
3,3,ARF,fried,regression,40768,0.361361,3.242753,3.993421,3.1367,
3,3,ASML,fried,regression,40768,0.753104,1.956847,2.482985,13.676,
3,3,ChaCha,fried,regression,40768,0.705526,2.112458,2.711694,42.1901,
3,3,EvoAutoML,fried,regression,40768,0.727307,2.037942,2.609483,20.8828,
3,3,RandomSearch,fried,regression,40768,0.680433,2.200627,2.824867,5.1795,
4,4,ARF,fried,regression,40768,0.412563,3.108536,3.829991,2.9465,
4,4,ASML,fried,regression,40768,0.735773,2.031992,2.568657,13.5347,
4,4,ChaCha,fried,regression,40768,0.705526,2.112458,2.711694,42.3856,
4,4,EvoAutoML,fried,regression,40768,0.765045,1.900255,2.4222,23.2179,
4,4,RandomSearch,fried,regression,40768,0.607134,2.444288,3.132129,5.1989,
5,5,ARF,fried,regression,40768,0.373058,3.224127,3.95668,3.0309,
5,5,ASML,fried,regression,40768,0.775873,1.873489,2.365727,14.471,
5,5,ChaCha,fried,regression,40768,0.705526,2.112458,2.711694,41.9867,
5,5,EvoAutoML,fried,regression,40768,0.77083,1.883179,2.392192,23.6614,
5,5,RandomSearch,fried,regression,40768,0.601431,2.488803,3.154781,4.9343,
6,6,ARF,fried,regression,40768,0.442739,3.040587,3.730323,3.2079,
6,6,ASML,fried,regression,40768,0.771697,1.884922,2.387665,16.4196,
6,6,ChaCha,fried,regression,40768,0.705526,2.112458,2.711694,42.4152,
6,6,EvoAutoML,fried,regression,40768,0.771933,1.878155,2.386429,23.1431,
6,6,RandomSearch,fried,regression,40768,0.621032,2.391881,3.076226,5.1111,
7,7,ARF,fried,regression,40768,0.465173,3.008366,3.654466,3.0473,
7,7,ASML,fried,regression,40768,0.806222,1.752492,2.199729,17.2512,
7,7,ChaCha,fried,regression,40768,0.705526,2.112458,2.711694,41.9426,
7,7,EvoAutoML,fried,regression,40768,0.755207,1.945287,2.472389,24.1461,
7,7,RandomSearch,fried,regression,40768,0.667469,2.246587,2.881598,5.3837,
8,8,ARF,fried,regression,40768,0.571426,2.674036,3.271375,3.3434,
8,8,ASML,fried,regression,40768,0.748288,1.990838,2.507088,16.3397,
8,8,ChaCha,fried,regression,40768,0.705526,2.112458,2.711694,41.8341,
8,8,EvoAutoML,fried,regression,40768,0.767471,1.891835,2.409658,23.4745,
8,8,RandomSearch,fried,regression,40768,0.641375,2.324831,2.992522,5.0155,
9,9,ARF,fried,regression,40768,0.596207,2.566499,3.175387,3.367,
9,9,ASML,fried,regression,40768,0.764685,1.913018,2.424055,16.4645,
9,9,ChaCha,fried,regression,40768,0.705526,2.112458,2.711694,42.1502,
9,9,EvoAutoML,fried,regression,40768,0.747202,1.965327,2.512487,21.6944,
9,9,RandomSearch,fried,regression,40768,0.628154,2.372036,3.047185,5.0206,
0,0,ARF,hyperA,regression,500000,0.547276,3.99337,5.034582,34.1656,
0,0,ASML,hyperA,regression,500000,0.913818,1.585637,2.196621,146.1517,
0,0,ChaCha,hyperA,regression,500000,0.943867,1.122613,1.772787,426.9384,
0,0,EvoAutoML,hyperA,regression,500000,0.911379,1.37249,2.227489,199.4043,
0,0,RandomSearch,hyperA,regression,500000,0.820157,2.060306,3.173172,49.9825,
1,1,ARF,hyperA,regression,500000,0.568757,3.901566,4.913691,32.6363,
1,1,ASML,hyperA,regression,500000,0.897807,1.738281,2.391978,158.4853,
1,1,ChaCha,hyperA,regression,500000,0.943867,1.122613,1.772787,428.6843,
1,1,EvoAutoML,hyperA,regression,500000,0.874732,1.543283,2.648297,209.6982,
1,1,RandomSearch,hyperA,regression,500000,0.821279,2.074063,3.163257,50.5492,
2,2,ARF,hyperA,regression,500000,0.508722,4.173669,5.244575,31.4542,
2,2,ASML,hyperA,regression,500000,0.91323,1.588004,2.204106,147.7146,
2,2,ChaCha,hyperA,regression,500000,0.943867,1.122613,1.772787,427.5459,
2,2,EvoAutoML,hyperA,regression,500000,0.925343,1.312473,2.044478,226.9652,
2,2,RandomSearch,hyperA,regression,500000,0.786234,2.25688,3.459523,49.4171,
3,3,ARF,hyperA,regression,500000,0.573861,3.870545,4.884524,32.9907,
3,3,ASML,hyperA,regression,500000,0.912532,1.621844,2.212953,152.6168,
3,3,ChaCha,hyperA,regression,500000,0.943867,1.122613,1.772787,428.1988,
3,3,EvoAutoML,hyperA,regression,500000,0.902745,1.371729,2.333468,196.2498,
3,3,RandomSearch,hyperA,regression,500000,0.799895,2.140968,3.347154,50.6685,
4,4,ARF,hyperA,regression,500000,0.547365,3.996214,5.034086,32.7146,
4,4,ASML,hyperA,regression,500000,0.912552,1.588681,2.21269,147.3605,
4,4,ChaCha,hyperA,regression,500000,0.943867,1.122613,1.772787,428.129,
4,4,EvoAutoML,hyperA,regression,500000,0.835086,1.33891,3.038614,193.7658,
4,4,RandomSearch,hyperA,regression,500000,0.787722,2.247918,3.447458,49.2393,
5,5,ARF,hyperA,regression,500000,0.568557,3.890407,4.914826,34.223,
5,5,ASML,hyperA,regression,500000,0.907919,1.641412,2.270556,149.9736,
5,5,ChaCha,hyperA,regression,500000,0.943867,1.122613,1.772787,427.4591,
5,5,EvoAutoML,hyperA,regression,500000,0.887664,1.502284,2.507878,214.7822,
5,5,RandomSearch,hyperA,regression,500000,0.764967,2.390576,3.627532,50.167,
6,6,ARF,hyperA,regression,500000,0.529927,4.073777,5.130143,34.0236,
6,6,ASML,hyperA,regression,500000,0.904248,1.675028,2.315365,154.246,
6,6,ChaCha,hyperA,regression,500000,0.943867,1.122613,1.772787,427.1268,
6,6,EvoAutoML,hyperA,regression,500000,0.9206,1.30408,2.108414,196.5861,
6,6,RandomSearch,hyperA,regression,500000,0.755456,2.409037,3.7002,49.9551,
7,7,ARF,hyperA,regression,500000,0.510225,4.166,5.236545,34.0406,
7,7,ASML,hyperA,regression,500000,0.90795,1.63859,2.270168,145.7387,
7,7,ChaCha,hyperA,regression,500000,0.943867,1.122613,1.772787,428.1606,
7,7,EvoAutoML,hyperA,regression,500000,0.907985,1.365122,2.269735,206.4056,
7,7,RandomSearch,hyperA,regression,500000,0.750118,2.462011,3.740363,49.8445,
8,8,ARF,hyperA,regression,500000,0.549517,3.992249,5.022105,34.0336,
8,8,ASML,hyperA,regression,500000,0.910473,1.607559,2.238847,140.9758,
8,8,ChaCha,hyperA,regression,500000,0.943867,1.122613,1.772787,428.666,
8,8,EvoAutoML,hyperA,regression,500000,0.89022,1.473662,2.479179,206.0039,
8,8,RandomSearch,hyperA,regression,500000,0.763469,2.380406,3.639073,49.5924,
9,9,ARF,hyperA,regression,500000,0.543624,4.022447,5.054845,32.6985,
9,9,ASML,hyperA,regression,500000,0.912358,1.596318,2.215146,137.5498,
9,9,ChaCha,hyperA,regression,500000,0.943867,1.122613,1.772787,429.4241,
9,9,EvoAutoML,hyperA,regression,500000,0.921969,1.295775,2.090167,189.0414,
9,9,RandomSearch,hyperA,regression,500000,0.765164,2.371022,3.626013,50.3309,
0,0,ARF,kings_county,regression,21613,0.523273,155233.316238,253478.709444,2.5663,
0,0,ASML,kings_county,regression,21613,0.661069,113677.987082,213728.517972,13.645,
0,0,ChaCha,kings_county,regression,21613,0.656551,130516.513201,215148.092308,22.8059,
0,0,EvoAutoML,kings_county,regression,21613,0.709604,116132.610451,197834.533567,17.4775,
0,0,RandomSearch,kings_county,regression,21613,0.586092,142896.092184,236188.337194,3.8288,
1,1,ARF,kings_county,regression,21613,0.548519,153687.892673,246675.602704,2.334,
1,1,ASML,kings_county,regression,21613,0.67257,111068.803856,210070.773739,13.2614,
1,1,ChaCha,kings_county,regression,21613,0.656551,130516.513201,215148.092308,23.0361,
1,1,EvoAutoML,kings_county,regression,21613,0.70841,116410.43134,198240.568912,17.6848,
1,1,RandomSearch,kings_county,regression,21613,0.560847,145721.850992,243284.541562,3.9091,
2,2,ARF,kings_county,regression,21613,0.514919,156436.351266,255689.820453,2.6191,
2,2,ASML,kings_county,regression,21613,0.672312,113235.834452,210153.715871,11.7443,
2,2,ChaCha,kings_county,regression,21613,0.656551,130516.513201,215148.092308,22.8174,
2,2,EvoAutoML,kings_county,regression,21613,0.699507,118869.795343,201244.486568,16.8773,
2,2,RandomSearch,kings_county,regression,21613,0.570983,144891.521424,240460.578601,3.8545,
3,3,ARF,kings_county,regression,21613,0.490542,156351.111338,262035.798614,2.5991,
3,3,ASML,kings_county,regression,21613,0.638621,121171.166362,220692.807272,11.7222,
3,3,ChaCha,kings_county,regression,21613,0.656551,130516.513201,215148.092308,23.0733,
3,3,EvoAutoML,kings_county,regression,21613,0.637038,133950.964606,221175.544653,15.6915,
3,3,RandomSearch,kings_county,regression,21613,0.590928,139721.090925,234804.446678,3.9152,
4,4,ARF,kings_county,regression,21613,0.497538,154970.366536,260230.515401,2.4933,
4,4,ASML,kings_county,regression,21613,0.648278,115902.364652,217723.904079,10.6263,
4,4,ChaCha,kings_county,regression,21613,0.656551,130516.513201,215148.092308,23.4633,
4,4,EvoAutoML,kings_county,regression,21613,0.689747,120003.535426,204486.318996,17.7502,
4,4,RandomSearch,kings_county,regression,21613,0.559143,150863.297588,243755.923895,4.0117,
5,5,ARF,kings_county,regression,21613,0.498875,152791.605829,259883.960594,2.4335,
5,5,ASML,kings_county,regression,21613,0.641275,118488.85359,219880.762137,10.2673,
5,5,ChaCha,kings_county,regression,21613,0.656551,130516.513201,215148.092308,22.9971,
5,5,EvoAutoML,kings_county,regression,21613,0.7006,117883.63437,200877.93712,17.031,
5,5,RandomSearch,kings_county,regression,21613,0.561967,147589.406247,242974.206603,3.8594,
6,6,ARF,kings_county,regression,21613,0.492059,161203.665703,261645.44104,2.7428,
6,6,ASML,kings_county,regression,21613,0.659118,117489.809015,214342.661532,12.3065,
6,6,ChaCha,kings_county,regression,21613,0.656551,130516.513201,215148.092308,23.374,
6,6,EvoAutoML,kings_county,regression,21613,0.696446,121182.339882,202266.785636,16.6121,
6,6,RandomSearch,kings_county,regression,21613,0.303917,172062.731401,306292.970444,4.2309,
7,7,ARF,kings_county,regression,21613,0.560304,144169.095864,243434.849479,2.5601,
7,7,ASML,kings_county,regression,21613,0.639523,122460.983968,220417.003453,10.15,
7,7,ChaCha,kings_county,regression,21613,0.656551,130516.513201,215148.092308,22.7939,
7,7,EvoAutoML,kings_county,regression,21613,0.678047,125507.962794,208306.589616,16.4151,
7,7,RandomSearch,kings_county,regression,21613,0.605398,134451.150694,230614.398204,4.2589,
8,8,ARF,kings_county,regression,21613,0.516923,153962.027294,255161.211167,2.7596,
8,8,ASML,kings_county,regression,21613,0.661819,114552.898419,213491.827928,11.5429,
8,8,ChaCha,kings_county,regression,21613,0.656551,130516.513201,215148.092308,23.4214,
8,8,EvoAutoML,kings_county,regression,21613,0.700476,117613.62516,200919.553967,18.8098,
8,8,RandomSearch,kings_county,regression,21613,0.153687,176600.615154,337731.801211,3.789,
9,9,ARF,kings_county,regression,21613,0.588969,137136.329878,235365.97894,2.431,
9,9,ASML,kings_county,regression,21613,0.642645,121602.922151,219460.545475,10.1958,
9,9,ChaCha,kings_county,regression,21613,0.656551,130516.513201,215148.092308,23.3945,
9,9,EvoAutoML,kings_county,regression,21613,0.684908,122544.220891,206074.943436,16.6723,
9,9,RandomSearch,kings_county,regression,21613,0.124463,187589.412751,343513.464268,3.883,
0,0,ARF,superconductivity,regression,21263,0.814552,9.717378,14.75086,3.6618,
0,0,ASML,superconductivity,regression,21263,0.850607,7.669439,13.239497,47.6811,
0,0,ChaCha,superconductivity,regression,21263,0.737655,12.396026,17.544553,26.4657,
0,0,EvoAutoML,superconductivity,regression,21263,0.861108,7.442829,12.765697,91.2828,
0,0,RandomSearch,superconductivity,regression,21263,0.295476,15.844003,28.751037,12.8128,
1,1,ARF,superconductivity,regression,21263,0.797422,10.118939,15.41708,3.6821,
1,1,ASML,superconductivity,regression,21263,0.844384,7.704643,13.512402,46.587,
1,1,ChaCha,superconductivity,regression,21263,0.737655,12.396026,17.544553,26.4415,
1,1,EvoAutoML,superconductivity,regression,21263,0.845437,7.822678,13.466633,96.9491,
1,1,RandomSearch,superconductivity,regression,21263,0.395638,16.311883,26.628965,13.1112,
2,2,ARF,superconductivity,regression,21263,0.812625,9.749183,14.827269,3.5771,
2,2,ASML,superconductivity,regression,21263,0.857486,7.414612,12.931052,42.3975,
2,2,ChaCha,superconductivity,regression,21263,0.729042,12.891688,17.830221,21.3175,
2,2,EvoAutoML,superconductivity,regression,21263,0.850025,7.75306,13.265235,78.5544,
2,2,RandomSearch,superconductivity,regression,21263,0.57747,14.975467,22.26559,12.8845,
3,3,ARF,superconductivity,regression,21263,0.811334,9.832114,14.878277,3.5802,
3,3,ASML,superconductivity,regression,21263,0.859131,7.375569,12.856243,42.643,
3,3,ChaCha,superconductivity,regression,21263,0.737655,12.396026,17.544553,26.4156,
3,3,EvoAutoML,superconductivity,regression,21263,-1.874644,26.4266,58.076133,71.8485,
3,3,RandomSearch,superconductivity,regression,21263,0.256641,16.82057,29.532819,12.7994,
4,4,ARF,superconductivity,regression,21263,0.810003,9.821808,14.930664,3.6954,
4,4,ASML,superconductivity,regression,21263,0.860192,7.339487,12.807706,43.6558,
4,4,ChaCha,superconductivity,regression,21263,0.737655,12.396026,17.544553,26.2357,
4,4,EvoAutoML,superconductivity,regression,21263,0.846068,8.062622,13.43909,65.8421,
4,4,RandomSearch,superconductivity,regression,21263,0.427675,15.762283,25.913552,12.6623,
5,5,ARF,superconductivity,regression,21263,0.812357,9.733392,14.837884,3.5748,
5,5,ASML,superconductivity,regression,21263,0.860157,7.206493,12.809341,39.8377,
5,5,ChaCha,superconductivity,regression,21263,0.737655,12.396026,17.544553,26.201,
5,5,EvoAutoML,superconductivity,regression,21263,0.828311,8.346385,14.193095,59.6088,
5,5,RandomSearch,superconductivity,regression,21263,0.077409,21.678175,32.90109,12.6997,
6,6,ARF,superconductivity,regression,21263,0.811085,9.844287,14.888072,3.6276,
6,6,ASML,superconductivity,regression,21263,0.858254,7.494445,12.8962,47.3114,
6,6,ChaCha,superconductivity,regression,21263,0.737655,12.396026,17.544553,26.2248,
6,6,EvoAutoML,superconductivity,regression,21263,0.812374,8.663795,14.837202,55.6823,
6,6,RandomSearch,superconductivity,regression,21263,-0.227964,20.081582,37.957582,13.3557,
7,7,ARF,superconductivity,regression,21263,0.805634,9.928138,15.101333,3.5969,
7,7,ASML,superconductivity,regression,21263,0.856969,7.595097,12.954503,42.2444,
7,7,ChaCha,superconductivity,regression,21263,0.737655,12.396026,17.544553,26.3249,
7,7,EvoAutoML,superconductivity,regression,21263,0.387752,11.840563,26.802133,61.3359,
7,7,RandomSearch,superconductivity,regression,21263,0.568708,14.026713,22.495288,13.3844,
8,8,ARF,superconductivity,regression,21263,0.808128,9.938778,15.004156,3.6039,
8,8,ASML,superconductivity,regression,21263,0.859439,7.283386,12.842174,43.5433,
8,8,ChaCha,superconductivity,regression,21263,0.729042,12.891688,17.830221,21.5154,
8,8,EvoAutoML,superconductivity,regression,21263,0.638081,9.654956,20.60685,82.4741,
8,8,RandomSearch,superconductivity,regression,21263,-0.166461,19.340738,36.99481,12.8433,
9,9,ARF,superconductivity,regression,21263,0.806063,9.938343,15.084689,3.5532,
9,9,ASML,superconductivity,regression,21263,0.858718,7.28078,12.875043,44.8476,
9,9,ChaCha,superconductivity,regression,21263,0.737655,12.396026,17.544553,26.383,
9,9,EvoAutoML,superconductivity,regression,21263,0.840696,7.812508,13.671607,80.7643,
9,9,RandomSearch,superconductivity,regression,21263,-0.589236,24.697493,43.18171,12.5731,
0,0,ARF,wave_energy,regression,72000,0.663541,50198.415238,65050.400166,9.3452,
0,0,ASML,wave_energy,regression,72000,0.941761,15098.481642,27063.829974,56.2584,
0,0,ChaCha,wave_energy,regression,72000,0.657643,51045.908546,65618.0311,64.361,
0,0,EvoAutoML,wave_energy,regression,72000,0.923851,9346.95354,30946.81466,103.1488,
0,0,RandomSearch,wave_energy,regression,72000,-0.130613,56950.232194,119245.113594,23.0207,
1,1,ARF,wave_energy,regression,72000,0.645769,51635.162336,66746.219274,9.3857,
1,1,ASML,wave_energy,regression,72000,0.953297,12636.852822,24235.641385,52.4321,
1,1,ChaCha,wave_energy,regression,72000,0.657643,51045.908546,65618.0311,64.3455,
1,1,EvoAutoML,wave_energy,regression,72000,0.853367,14306.718671,42943.675252,93.0594,
1,1,RandomSearch,wave_energy,regression,72000,0.709273,32051.221901,60468.150348,23.215,
2,2,ARF,wave_energy,regression,72000,0.678323,49056.868475,63605.38015,9.5374,
2,2,ASML,wave_energy,regression,72000,0.965289,11056.852826,20893.702319,52.6427,
2,2,ChaCha,wave_energy,regression,72000,0.657104,51085.611604,65669.696363,64.4046,
2,2,EvoAutoML,wave_energy,regression,72000,0.86759,12514.67493,40807.824612,85.7461,
2,2,RandomSearch,wave_energy,regression,72000,0.586317,37765.18243,72130.22797,23.1908,
3,3,ARF,wave_energy,regression,72000,0.667069,49959.491996,64708.400936,9.1277,
3,3,ASML,wave_energy,regression,72000,0.983457,5676.358246,14424.250642,48.0005,
3,3,ChaCha,wave_energy,regression,72000,0.657643,51045.908546,65618.0311,64.5263,
3,3,EvoAutoML,wave_energy,regression,72000,0.757279,19400.962531,55250.650599,82.5161,
3,3,RandomSearch,wave_energy,regression,72000,0.256864,48466.533441,96675.776073,23.0467,
4,4,ARF,wave_energy,regression,72000,0.663414,50153.983994,65062.648999,9.3812,
4,4,ASML,wave_energy,regression,72000,0.985533,4639.152358,13488.916663,49.0078,
4,4,ChaCha,wave_energy,regression,72000,0.657104,51085.611604,65669.696363,64.4126,
4,4,EvoAutoML,wave_energy,regression,72000,0.916876,11227.235587,32333.035666,96.9578,
4,4,RandomSearch,wave_energy,regression,72000,0.147558,52620.672774,103541.857666,23.2368,
5,5,ARF,wave_energy,regression,72000,0.679082,49026.223913,63530.255569,8.7881,
5,5,ASML,wave_energy,regression,72000,0.94602,15294.659024,26055.480585,56.9815,
5,5,ChaCha,wave_energy,regression,72000,0.657643,51045.908546,65618.0311,64.3926,
5,5,EvoAutoML,wave_energy,regression,72000,0.893313,12415.577327,36630.253492,96.6974,
5,5,RandomSearch,wave_energy,regression,72000,-0.170733,66031.708127,121342.41255,22.2425,
6,6,ARF,wave_energy,regression,72000,0.655671,50842.493198,65806.723157,9.56,
6,6,ASML,wave_energy,regression,72000,0.945167,15270.330213,26260.683875,49.5931,
6,6,ChaCha,wave_energy,regression,72000,0.657104,51085.611604,65669.696363,64.4293,
6,6,EvoAutoML,wave_energy,regression,72000,0.897619,11594.167379,35883.416854,94.9255,
6,6,RandomSearch,wave_energy,regression,72000,-0.120093,60018.693994,118689.080125,23.0702,
7,7,ARF,wave_energy,regression,72000,0.669178,49741.990107,64503.115868,9.234,
7,7,ASML,wave_energy,regression,72000,0.941047,15629.714149,27229.333436,50.4258,
7,7,ChaCha,wave_energy,regression,72000,0.657104,51085.611604,65669.696363,64.2216,
7,7,EvoAutoML,wave_energy,regression,72000,0.819643,14367.136307,47626.604367,108.6905,
7,7,RandomSearch,wave_energy,regression,72000,-0.501989,67309.859341,137441.204625,22.7389,
8,8,ARF,wave_energy,regression,72000,0.665716,50068.873904,64839.750931,9.2014,
8,8,ASML,wave_energy,regression,72000,0.952303,13562.381442,24492.377801,54.1135,
8,8,ChaCha,wave_energy,regression,72000,0.657643,51045.908546,65618.0311,64.3094,
8,8,EvoAutoML,wave_energy,regression,72000,0.946044,10417.727178,26049.718259,97.6216,
8,8,RandomSearch,wave_energy,regression,72000,-0.492723,68525.69255,137016.635115,23.1297,
9,9,ARF,wave_energy,regression,72000,0.659386,50554.996589,65450.793793,9.4698,
9,9,ASML,wave_energy,regression,72000,0.893241,24541.156884,36642.535984,61.318,
9,9,ChaCha,wave_energy,regression,72000,0.657643,51045.908546,65618.0311,64.4884,
9,9,EvoAutoML,wave_energy,regression,72000,0.977826,8535.945271,16699.715172,90.8545,
9,9,RandomSearch,wave_energy,regression,72000,-1.208313,86351.409955,166653.327326,22.4922,
